Trade date,Instrument code,Market code,Quantity,Price,Currency,Amount,Transaction fee,Transaction method
2024-03-11 13:30:06.838000 (UTC),NVDA,NASDAQ,0.03196759,864,usd,27.62,0,BUY
2024-05-21 16:12:35.776000 (UTC),NVDA,NASDAQ,1,950,usd,950,5,SELL
2023-11-19 23:30:14.525413 (UTC),CEN,NZX,1.31406045,7.61,nzd,10,0,BUY
2024-06-10 02:08:05.030822 (UTC),CEN,NZX,1.09051254,9.17,nzd,10,0,BUY
2021-03-23 18:59:30.363000 (UTC),IDV,CBOE,1,31.5,usd,31.5,0.15829,BUY
2023-10-01 23:26:13.778000 (UTC),BSE,ASX,109.1764706,0.17,aud,18.56,0,BUY
2024-04-22 01:52:07.853000 (UTC),ILC,ASX,1.55498808,29.37,aud,45.67,0,BUY
2024-02-01 14:30:12.098000 (UTC),INTC,NASDAQ,0.31264654,43.15,usd,13.49,0.2093,BUY
2024-06-10 13:30:04.375000 (UTC),META,NASDAQ,0.03685254,493.86,usd,18.2,0,BUY
2024-04-29 13:30:05.394000 (UTC),SMH,NASDAQ,0.1360125,217.48,usd,29.58,0,BUY
2024-02-05 14:30:13.061000 (UTC),NVDA,NASDAQ,0.03976556,682.5,usd,27.14,0,BUY
2024-03-05 14:30:01.507000 (UTC),ASML,NASDAQ,0.04593264,989.71,usd,45.46,0,BUY
2023-09-03 22:00:12.000192 (UTC),CEN,NZX,11.9760479,8.35,nzd,100,0,BUY
2024-01-08 14:30:12.234000 (UTC),KO,NYSE,0.31173614,59.73,usd,18.62,0,BUY
2024-05-13 02:36:25.830000 (UTC),ILC,ASX,1.52061683,29.83,aud,45.36,0,BUY
2024-04-08 01:26:35.619158 (UTC),CEN,NZX,1.18829095,8.415,nzd,10,0,BUY
2023-10-24 13:30:16.477000 (UTC),META,NASDAQ,0.0441,316.78,usd,13.97,0,BUY
2024-02-05 14:30:25.050000 (UTC),AAPL,NASDAQ,0.09618758,188.07,usd,18.09,0,BUY
2024-02-11 23:53:00.518000 (UTC),ILC,ASX,1.5831643,29.58,aud,46.83,0,BUY
2024-03-04 00:04:09.691000 (UTC),RIO,ASX,0.07489519,124.04,aud,9.29,0,BUY
2024-02-18 23:37:31.899000 (UTC),ILC,ASX,1.56556825,29.74,aud,46.56,0,BUY
2024-02-11 23:51:03.710789 (UTC),STU,NZX,8.54700855,1.17,nzd,10,0,BUY
2024-04-29 03:22:57.748446 (UTC),ANZ,NZX,0.80749354,30.96,nzd,25,0,BUY
2024-04-22 01:51:32.544000 (UTC),IXJ,ASX,0.33748986,135.53,aud,45.74,0,BUY
2023-12-03 23:41:24.607000 (UTC),BSE,ASX,154.0833333,0.12,aud,18.49,0,BUY
2024-07-22 02:09:04.308000 (UTC),ILC,ASX,0.8705806,30.83,aud,26.84,0,BUY
2024-06-10 02:05:13.842352 (UTC),STU,NZX,10.63829787,0.94,nzd,10,0,BUY
2023-10-24 13:30:09.075000 (UTC),AAPL,NASDAQ,0.0807203,173,usd,13.96,0,BUY
2023-10-15 22:33:54.959258 (UTC),23773,FundNZ,15.3078,2.73,nzd,41.79,0,SELL
2025-02-25 14:30:10.843000 (UTC),NVDA,NASDAQ,0.43826447,129.99,usd,56.97,0,BUY
2023-12-03 23:42:52.935920 (UTC),ANZ,NZX,0.94589482,26.43,nzd,25,0,BUY
2021-03-16 13:54:03.455000 (UTC),PLTR,NASDAQ,1,26,usd,26,0.13065,BUY
2023-10-02 13:30:21.400000 (UTC),MSFT,NASDAQ,0.06595179,316.14,usd,20.85,0,BUY
2021-03-04 21:01:26 (UTC),CEN,NZX,1.981507,7.03,nzd,13.93,0.07,BUY
2023-10-29 23:20:47.495000 (UTC),BSE,ASX,107.1764706,0.17,aud,18.22,0,BUY
2023-12-26 14:30:18.548000 (UTC),JNJ,NYSE,0.09632258,155,usd,14.93,0,BUY
2024-01-16 14:30:30.812000 (UTC),AAPL,NASDAQ,0.08165504,182.23,usd,14.88,0,BUY
2023-10-02 13:30:09.668000 (UTC),NVDA,NASDAQ,0.04058135,440.35,usd,17.87,0,BUY
2023-10-15 23:23:16.124000 (UTC),ILC,ASX,1.70575302,27.29,aud,46.55,0,BUY
2023-11-06 14:30:10.839000 (UTC),KO,NYSE,0.31472349,56.78,usd,17.87,0,BUY
2024-05-27 02:04:54.961482 (UTC),CEN,NZX,1.11358575,8.98,nzd,10,0,BUY
2024-06-10 13:30:05.403000 (UTC),QQQ,NASDAQ,0.06567668,461.96,usd,30.34,0,BUY
2023-11-26 23:09:44.229000 (UTC),BSE,ASX,153,0.12,aud,18.36,0,BUY
2023-10-15 23:13:21.296000 (UTC),BSE,ASX,109.5294118,0.17,aud,18.62,0,BUY
2023-11-12 23:25:32.271000 (UTC),ILC,ASX,1.69131715,27.18,aud,45.97,0,BUY
2024-01-19 20:38:04.439000 (UTC),IVW,NYSE,0.58647327,77.5,usd,45.45,0,SELL
2024-07-08 13:30:03.304000 (UTC),ASML,NASDAQ,0.01971874,1083.74,usd,21.37,0,BUY
2024-07-31 01:10:54.184000 (UTC),IXJ,ASX,0.06156063,145.71,aud,8.97,0,BUY
2023-12-10 23:32:00.151027 (UTC),ANZ,NZX,0.94339623,26.5,nzd,25,0,BUY
2024-04-08 13:30:12.468000 (UTC),KO,NYSE,0.06021251,59.29,usd,3.57,0,BUY
2024-07-15 13:30:14.125000 (UTC),QQQ,NASDAQ,0.0460113,496.81,usd,22.86,0,BUY
2024-05-13 13:30:35.720000 (UTC),KO,NYSE,0.05660078,63.25,usd,3.58,0,BUY
2023-10-24 13:30:06.400000 (UTC),PLTR,NASDAQ,0.35487804,16.4,usd,5.82,0,BUY
2024-04-22 13:30:02.526000 (UTC),IXUS,NASDAQ,0.44882973,65.37,usd,29.34,0,BUY
2023-10-09 13:30:11.720000 (UTC),KO,NYSE,0.33661119,52.88,usd,17.8,0,BUY
2024-03-05 14:30:03.738000 (UTC),ASX,NYSE,1.091,10,usd,10.91,0,BUY
2023-10-10 13:30:00.663000 (UTC),META,NASDAQ,0.04689115,319.25,usd,14.97,0,BUY
2024-04-22 13:30:03.357000 (UTC),QQQ,NASDAQ,0.07028218,417.46,usd,29.34,0,BUY
2025-02-11 14:30:08.698000 (UTC),QQQ,NASDAQ,0.10650797,525.97,usd,56.02,0,BUY
2024-06-11 00:20:20.864000 (UTC),IXJ,ASX,0.3260762,141.47,aud,46.13,0,BUY
2024-03-05 14:30:03.162000 (UTC),AAPL,NASDAQ,0.10644651,170.79,usd,18.18,0,BUY
2024-02-05 14:30:17.986000 (UTC),MSFT,NASDAQ,0.04416935,409.56,usd,18.09,0,BUY
2024-01-28 23:39:45.621906 (UTC),CEN,NZX,1.22100122,8.19,nzd,10,0,BUY
2024-12-31 14:30:02.519000 (UTC),ASML,NASDAQ,0.0799572,701,usd,56.05,0,BUY
2024-04-15 13:30:00.887000 (UTC),ASX,NYSE,0.96289592,11.05,usd,10.64,0,BUY
2024-06-17 13:30:06.540000 (UTC),QQQ,NASDAQ,0.06364072,479.41,usd,30.51,0,BUY
2024-06-10 02:19:11.224382 (UTC),ANZ,NZX,0.80282595,31.14,nzd,25,0,BUY
2023-08-29 13:30:01.433000 (UTC),AAPL,NASDAQ,0.3277189,179.67,usd,58.88,1.11874,BUY
2024-06-17 13:30:04.687000 (UTC),JNJ,NYSE,0.06309474,145.02,usd,9.15,0,BUY
2023-12-11 14:30:11.450000 (UTC),NVDA,NASDAQ,0.03844777,474.93,usd,18.26,0,BUY
2024-01-08 14:30:01.173000 (UTC),TM,NYSE,0.07941333,187.5,usd,14.89,0,BUY
2025-06-29 21:59:47.000114 (UTC),CEN,NZX,62.56460617,9.05,nzd,566.21,0,SELL
2023-09-11 00:36:54.411646 (UTC),42033,FundNZ,13.4237,1.639,nzd,22,0,BUY
2024-01-28 23:38:39.720000 (UTC),ILC,ASX,1.56082684,29.51,aud,46.06,0,BUY
2024-03-11 13:30:07.637000 (UTC),META,NASDAQ,0.0370266,497.21,usd,18.41,0,BUY
2024-05-20 13:30:02.225000 (UTC),TM,NYSE,0.03340037,220.31,usd,7.36,0,BUY
2023-10-30 13:30:11.124000 (UTC),QQQ,NASDAQ,0.08297646,347.93,usd,28.87,0,BUY
2024-05-20 13:30:03.113000 (UTC),AAPL,NASDAQ,0.09715389,189.35,usd,18.4,0,BUY
2024-07-22 13:30:01.548000 (UTC),ASX,NYSE,2.18723999,11,usd,24.06,0,BUY
2023-11-27 14:30:08.131000 (UTC),META,NASDAQ,0.04318451,336,usd,14.51,0,BUY
2024-01-08 14:30:06.689000 (UTC),MSFT,NASDAQ,0.0570841,369.63,usd,21.1,0,BUY
2024-07-15 13:30:00.794000 (UTC),IXUS,NASDAQ,0.26064851,70.16,usd,18.29,0,BUY
2024-02-20 14:30:01.705000 (UTC),IXUS,NASDAQ,0.4645216,65.465,usd,30.41,0,BUY
2024-06-17 13:30:06.864000 (UTC),INTC,NASDAQ,0.90597162,30.31,usd,27.46,0,BUY
2023-11-13 14:30:14.868000 (UTC),META,NASDAQ,0.04304107,326.2,usd,14.04,0,BUY
2023-10-30 13:30:11.729000 (UTC),NVDA,NASDAQ,0.04221269,410.54,usd,17.33,0,BUY
2024-05-13 13:30:02.524000 (UTC),QQQ,NASDAQ,0.06737093,443.96,usd,29.91,0,BUY
2023-12-11 14:30:23.546000 (UTC),AAPL,NASDAQ,0.07569164,193.02,usd,14.61,0,BUY
2024-01-14 23:16:49.788744 (UTC),ANZ,NZX,0.89831117,27.83,nzd,25,0,BUY
2023-09-26 13:30:03.428000 (UTC),META,NASDAQ,0.04982194,297.66,usd,14.83,0,BUY
2023-11-27 14:30:20.786000 (UTC),PLTR,NASDAQ,0.31573444,19.13,usd,6.04,0,BUY
2024-03-18 00:06:45.741000 (UTC),ILC,ASX,1.55844595,29.6,aud,46.13,0,BUY
2024-04-29 03:23:46.791296 (UTC),CEN,NZX,1.17233294,8.53,nzd,10,0,BUY
2024-04-15 13:30:10.768000 (UTC),AAPL,NASDAQ,0.10111718,175.44,usd,17.74,0,BUY
2024-05-22 13:30:00.284000 (UTC),NVDA,NASDAQ,0.07578626,954.13,usd,72.31,0,SELL
2023-11-13 14:30:00.486000 (UTC),IXUS,NASDAQ,0.48847695,59.88,usd,29.25,0,BUY
2023-10-30 13:30:01.358000 (UTC),SMH,NASDAQ,0.2084025,138.53,usd,28.87,0,BUY
2024-01-14 23:18:36.985807 (UTC),AIR,NZX,39.0625,0.64,nzd,25,0,BUY
2024-02-27 14:30:01.644000 (UTC),INTC,NASDAQ,0.63823393,43.26,usd,27.61,0,BUY
2023-10-24 13:30:13.992000 (UTC),SMH,NASDAQ,0.20356643,143,usd,29.11,0,BUY
2024-02-18 23:37:05.064341 (UTC),STU,NZX,8.77192983,1.14,nzd,10,0,BUY
2024-03-18 13:30:01.218000 (UTC),ASX,NYSE,0.98394824,11.13,usd,10.95,0,BUY
2024-04-29 13:30:06.536000 (UTC),KO,NYSE,0.05717053,61.92,usd,3.54,0,BUY
2024-05-20 01:42:16.928641 (UTC),ANZ,NZX,0.81274382,30.76,nzd,25,0,BUY
2024-05-28 13:30:09.445000 (UTC),JNJ,NYSE,0.06219769,146.79,usd,9.13,0,BUY
2025-03-14 13:30:07.106000 (UTC),SMH,NASDAQ,0.25395119,223.35,usd,56.72,0,BUY
2024-04-08 13:30:05.148000 (UTC),QQQ,NASDAQ,0.06766184,441.46,usd,29.87,0,BUY
2023-11-19 23:29:17.324000 (UTC),IXJ,ASX,0.36462987,125.36,aud,45.71,0,BUY
2024-01-14 23:16:27.879000 (UTC),BSE,ASX,119.5483871,0.155,aud,18.53,0,BUY
2024-04-22 13:30:03.062000 (UTC),TM,NYSE,0.01542642,228.18,usd,3.52,0,BUY
2024-03-12 13:30:01.443000 (UTC),QQQ,NASDAQ,0.06976691,439.75,usd,30.68,0,BUY
2023-10-15 23:12:17.570676 (UTC),STU,NZX,8.77192983,1.14,nzd,10,0,BUY
2024-03-05 14:30:04.986000 (UTC),MSFT,NASDAQ,0.04392896,413.85,usd,18.18,0,BUY
2023-11-20 14:30:22.432000 (UTC),KO,NYSE,0.313234,57.05,usd,17.87,0,BUY
2024-12-31 14:30:04.603000 (UTC),SMH,NASDAQ,0.22830027,245.51,usd,56.05,0,BUY
2023-08-07 13:30:01.511000 (UTC),AAPL,NASDAQ,0.10776414,182.13,usd,19.63,0.37291,BUY
2023-12-04 14:30:09.055000 (UTC),JNJ,NYSE,0.09373417,158,usd,14.81,0,BUY
2023-11-12 23:27:03.740256 (UTC),AIR,NZX,38.16793893,0.655,nzd,25,0,BUY
2023-11-05 23:33:14.997000 (UTC),ILC,ASX,1.67976496,27.23,aud,45.74,0,BUY
2021-11-09 14:30:06.924000 (UTC),GSBD,NYSE,7.29337604,19.1,usd,139.3,0.69652,BUY
2024-04-29 03:20:52.736000 (UTC),RIO,ASX,0.06873715,131.37,aud,9.03,0,BUY
2024-05-13 13:30:02.274000 (UTC),JNJ,NYSE,0.05978372,150.208,usd,8.98,0,BUY
2024-03-24 23:50:28.076403 (UTC),STU,NZX,9.70873786,1.03,nzd,10,0,BUY
2023-11-06 14:30:01.087000 (UTC),TM,NYSE,0.07526315,190,usd,14.3,0,BUY
2023-09-18 00:14:58.986274 (UTC),23773,FundNZ,2.9923,2.841,nzd,8.5,0,BUY
2021-03-16 21:02:48 (UTC),CEN,NZX,1.658333,7.32,nzd,12.14,0.061,BUY
2025-01-28 14:30:31.875000 (UTC),NVDA,NASDAQ,0.46299031,121.86,usd,56.42,0,BUY
2024-01-14 23:16:03.783000 (UTC),IXJ,ASX,0.34996226,132.5,aud,46.37,0,BUY
2023-10-03 13:30:03.574000 (UTC),AAPL,NASDAQ,0.0858536,172.27,usd,14.79,0,BUY
2023-12-03 23:41:23.162000 (UTC),ILC,ASX,1.64596717,28.02,aud,46.12,0,BUY
2024-01-02 14:30:36.250000 (UTC),KO,NYSE,0.31881591,58.78,usd,18.74,0,BUY
2024-01-08 14:30:53.394000 (UTC),JNJ,NYSE,0.09231818,161.29,usd,14.89,0,BUY
2023-12-10 23:31:49.146976 (UTC),STU,NZX,9.43396226,1.06,nzd,10,0,BUY
2024-02-20 14:30:00.526000 (UTC),ASML,NASDAQ,0.04965163,918.6,usd,45.61,0,BUY
2024-03-18 13:30:03.529000 (UTC),INTC,NASDAQ,0.63552367,43.08,usd,27.38,0,BUY
2022-02-04 14:30:27.004000 (UTC),META,NASDAQ,0.15605916,235.91,usd,36.82,0.18408,BUY
2023-11-12 23:26:39.001249 (UTC),CEN,NZX,1.28865979,7.76,nzd,10,0,BUY
2023-10-15 23:15:31.133130 (UTC),AIR,NZX,35.71428571,0.7,nzd,25,0,BUY
2024-07-22 13:30:07.472000 (UTC),NVDA,NASDAQ,0.35011117,120.26,usd,42.1,0,BUY
2023-12-04 14:30:26.228000 (UTC),META,NASDAQ,0.04671924,317,usd,14.81,0,BUY
2023-11-20 14:30:24.799000 (UTC),SMH,NASDAQ,0.18293506,162.79,usd,29.78,0,BUY
2023-10-30 13:30:07.917000 (UTC),JNJ,NYSE,0.09481461,146.18,usd,13.86,0,BUY
2023-09-03 22:00:12.000192 (UTC),STU,NZX,86.95652174,1.15,nzd,100,0,BUY
2024-03-12 13:30:00.587000 (UTC),IXUS,NASDAQ,0.45539557,67.37,usd,30.68,0,BUY
2024-07-15 13:30:10.036000 (UTC),MSFT,NASDAQ,0.01883279,453.1,usd,8.53,0,BUY
2023-09-07 13:30:00.879000 (UTC),AAPL,NASDAQ,1,175.1,usd,175.1,0,BUY
2024-05-28 13:30:02.070000 (UTC),ASX,NYSE,0.96598771,11.346,usd,10.96,0,BUY
2024-07-22 13:30:05.176000 (UTC),SMH,NASDAQ,0.10687473,253.18,usd,27.06,0,BUY
2024-06-17 02:12:55.537714 (UTC),STU,NZX,10.75268817,0.93,nzd,10,0,BUY
2023-12-04 14:30:02.728000 (UTC),IXUS,NASDAQ,0.49051792,62.75,usd,30.78,0,BUY
2024-03-04 00:11:02.213319 (UTC),ANZ,NZX,0.80986799,30.869,nzd,25,0,BUY
2021-04-08 13:30:50.867000 (UTC),IDV,CBOE,0.962402,32.05,usd,30.84,0.155,BUY
2024-03-24 23:52:16.996770 (UTC),ANZ,NZX,0.78616352,31.8,nzd,25,0,BUY
2021-03-31 21:00:28 (UTC),CEN,NZX,0.844413,7.07,nzd,5.97,0.03,BUY
2023-11-05 23:32:02.640000 (UTC),BSE,ASX,152.6666667,0.12,aud,18.32,0,BUY
2023-11-06 14:30:27.993000 (UTC),META,NASDAQ,0.04525602,315.98,usd,14.3,0,BUY
2023-12-04 14:30:33.499000 (UTC),MSFT,NASDAQ,0.05685636,369,usd,20.98,0,BUY
2024-04-08 13:30:03.281000 (UTC),ASML,NASDAQ,0.04528968,989.85,usd,44.83,0,BUY
2024-05-20 01:45:50.025637 (UTC),AIR,NZX,45.9108641,0.545,nzd,25.02,0,BUY
2025-01-28 14:30:01.987000 (UTC),IXUS,NASDAQ,0.8281227,68.13,usd,56.42,0,BUY
2024-09-27 13:30:01.395000 (UTC),ASML,NASDAQ,0.36878077,853,usd,314.57,0,BUY
2024-02-27 14:30:01.856000 (UTC),JNJ,NYSE,0.05737807,160.34,usd,9.2,0,BUY
2024-02-05 14:30:02.699000 (UTC),IXUS,NASDAQ,0.47354372,63.69,usd,30.16,0,BUY
2023-10-24 02:21:51.472000 (UTC),BSE,ASX,107.9411765,0.17,aud,18.35,0,BUY
2024-02-27 14:30:02.368000 (UTC),TM,NYSE,0.01544985,238.19,usd,3.68,0,BUY
2024-10-17 13:30:00.558000 (UTC),ASML,NASDAQ,0.31618156,692.64,usd,219,0,BUY
2024-10-30 13:30:02.317000 (UTC),IBIT,NASDAQ,0.48925115,40.88,usd,20,0,BUY
2024-01-14 23:15:32.079712 (UTC),STU,NZX,8.62068966,1.16,nzd,10,0,BUY
2023-12-26 20:59:54.000382 (UTC),AIR,NZX,39.68253968,0.63,nzd,25,0,BUY
2023-11-13 14:30:01.022000 (UTC),TM,NYSE,0.07568325,185.51,usd,14.04,0,BUY
2024-01-29 14:30:07.238000 (UTC),JNJ,NYSE,0.11487749,159.01,usd,18.27,0,BUY
2024-02-05 09:00:00.981000 (UTC),ASML,NASDAQ,0.11315673,883.73,usd,100,0,BUY
2023-04-04 21:59:35.000223 (UTC),CEN,NZX,3.05084229,7.72,nzd,23.55,0.4475,BUY
2024-01-08 14:30:01.553000 (UTC),SMH,NASDAQ,0.18542413,167.4,usd,31.04,0,BUY
2023-10-24 02:21:10.202000 (UTC),IXJ,ASX,0.36169374,126.82,aud,45.87,0,BUY
2024-04-08 01:10:47.829428 (UTC),AIR,NZX,40.98360656,0.61,nzd,25,0,BUY
2022-02-08 14:30:03.126000 (UTC),IVW,NYSE,0.43600876,75.31,usd,32.84,0.16418,BUY
2023-09-25 13:30:17.760000 (UTC),MSFT,NASDAQ,0.0654651,316.81,usd,20.74,0,BUY
2024-02-05 00:08:49.610601 (UTC),CEN,NZX,1.22277826,8.178,nzd,10,0,BUY
2024-07-08 13:30:00.500000 (UTC),SMH,NASDAQ,0.10090162,272.84,usd,27.53,0,BUY
2024-06-11 00:00:46.211000 (UTC),BSE,ASX,67.70642202,0.272,aud,18.42,0,BUY
2024-02-04 23:57:53.133000 (UTC),IXJ,ASX,0.33961849,136.3,aud,46.29,0,BUY
2024-03-18 13:30:05.310000 (UTC),AAPL,NASDAQ,0.10400136,175.5,usd,18.25,0,BUY
2024-02-18 23:39:59.463592 (UTC),ANZ,NZX,0.82836315,30.18,nzd,25,0,BUY
2024-04-08 01:03:05.631000 (UTC),RIO,ASX,0.07561626,120.08,aud,9.08,0,BUY
2023-10-02 13:30:13.142000 (UTC),PLTR,NASDAQ,0.1852776,16.03,usd,2.97,0,BUY
2024-04-15 13:30:05.357000 (UTC),MSFT,NASDAQ,0.04159242,426.52,usd,17.74,0,BUY
2023-10-09 13:30:15.769000 (UTC),NVDA,NASDAQ,0.03969669,448.4,usd,17.8,0,BUY
2023-10-16 13:30:01.305000 (UTC),SMH,NASDAQ,0.197817,148.42,usd,29.36,0,BUY
2024-04-08 13:30:03.855000 (UTC),AAPL,NASDAQ,0.10604177,168.99,usd,17.92,0,BUY
2024-04-29 13:30:04.010000 (UTC),MSFT,NASDAQ,0.04375708,405.42,usd,17.74,0,BUY
2023-11-20 14:30:08.781000 (UTC),AAPL,NASDAQ,0.07525805,189.88,usd,14.29,0,BUY
2025-01-28 14:30:02.986000 (UTC),SMH,NASDAQ,0.23716843,237.89,usd,56.42,0,BUY
2025-02-25 14:30:02.597000 (UTC),SMH,NASDAQ,0.23473423,242.7,usd,56.97,0,BUY
2023-10-08 23:09:46.325000 (UTC),RIO,ASX,0.08140449,114.49,aud,9.32,0,BUY
2024-01-16 14:30:24.007000 (UTC),JNJ,NYSE,0.09188588,161.94,usd,14.88,0,BUY
2024-02-05 00:01:07.911830 (UTC),ANZ,NZX,0.86150873,29.019,nzd,25,0,BUY
2023-10-16 13:30:18.581000 (UTC),PLTR,NASDAQ,0.34048724,17.24,usd,5.87,0,BUY
2024-04-29 13:30:00.730000 (UTC),ASML,NASDAQ,0.04865931,911.85,usd,44.37,0,BUY
2024-07-12 16:53:03.171000 (UTC),PLTR,NASDAQ,22,28,usd,616,0.07442,SELL
2023-12-03 23:40:27.660000 (UTC),IXJ,ASX,0.36825295,125.24,aud,46.12,0,BUY
2024-06-10 13:30:02.629000 (UTC),TM,NYSE,0.07893975,207.5,usd,16.38,0,BUY
2023-10-02 23:00:00 (UTC),23895,FundNZ,3.01,2.822,nzd,8.49,0,BUY
2023-12-11 14:30:15.443000 (UTC),MSFT,NASDAQ,0.0562118,368.25,usd,20.7,0,BUY
2021-09-07 13:31:12.068000 (UTC),PLTR,NASDAQ,2.66524519,26.88,usd,71.64,0.35821,BUY
2024-01-29 14:30:13.895000 (UTC),SMH,NASDAQ,0.16132074,188.72,usd,30.44,0,BUY
2024-02-05 14:30:12.554000 (UTC),QQQ,NASDAQ,0.07031778,428.91,usd,30.16,0,BUY
2024-05-28 13:30:08.616000 (UTC),INTC,NASDAQ,0.88716456,30.93,usd,27.44,0,BUY
2024-04-15 13:30:02.175000 (UTC),IXUS,NASDAQ,0.44306263,66.74,usd,29.57,0,BUY
2024-07-22 13:30:10.698000 (UTC),MSFT,NASDAQ,0.01906167,441.77,usd,8.42,0,BUY
2024-05-20 13:30:09.190000 (UTC),META,NASDAQ,0.03914478,469.95,usd,18.4,0,BUY
2024-02-12 14:30:15.183000 (UTC),NVDA,NASDAQ,0.037865,726,usd,27.49,0,BUY
2024-04-15 01:11:43.709000 (UTC),RIO,ASX,0.06978346,130.69,aud,9.12,0,BUY
2024-02-12 14:30:27.452000 (UTC),TM,NYSE,0.01635242,223.82,usd,3.66,0,BUY
2023-10-24 02:20:31.382739 (UTC),STU,NZX,9.09090909,1.1,nzd,10,0,BUY
2024-01-29 14:30:20.550000 (UTC),MSFT,NASDAQ,0.04501397,405.8,usd,18.27,0,BUY
2021-05-19 00:47:01 (UTC),ARG,NZX,26.013071,1.53,nzd,39.8,0.2,BUY
2023-11-06 14:30:12.622000 (UTC),QQQ,NASDAQ,0.08083466,368.53,usd,29.79,0,BUY
2023-10-16 13:30:06.704000 (UTC),META,NASDAQ,0.04418866,318.86,usd,14.09,0,BUY
2021-08-16 13:31:02.643000 (UTC),PLTR,NASDAQ,2.79725868,24.9,usd,69.65,0.34826,BUY
2021-10-08 13:30:35.441000 (UTC),IVW,NYSE,0.9883044,75.51,usd,74.63,0.37313,BUY
2024-02-11 23:53:18.324000 (UTC),BSE,ASX,124.6666667,0.15,aud,18.7,0,BUY
2024-02-01 14:30:00.265000 (UTC),INTC,NASDAQ,2,43.15,usd,86.3,0,BUY
2024-02-27 14:30:01.455000 (UTC),ASML,NASDAQ,0.0483001,953,usd,46.03,0,BUY
2025-07-07 13:30:00.093000 (UTC),ITA,CBOE,0.57867236,187.72,usd,108.63,0,SELL
2024-01-02 14:30:37.180000 (UTC),MSFT,NASDAQ,0.05683855,373.69,usd,21.24,0,BUY
2023-10-15 22:33:54.959258 (UTC),24112,FundNZ,54.4952,0.996,nzd,54.28,0,SELL
2021-04-22 13:30:01.376000 (UTC),PLTR,NASDAQ,1,22.93,usd,22.93,0.11523,BUY
2024-02-27 14:30:03.261000 (UTC),MSFT,NASDAQ,0.04512254,408,usd,18.41,0,BUY
2024-02-12 14:30:10.454000 (UTC),KO,NYSE,0.06132708,59.68,usd,3.66,0,BUY
2023-10-01 22:43:31.015193 (UTC),42033,FundNZ,14.0198,1.569,nzd,22,0,BUY
2023-12-10 23:31:41.300000 (UTC),BSE,ASX,151.0464415,0.123,aud,18.58,0,BUY
2023-10-16 13:30:01.598000 (UTC),IXUS,NASDAQ,0.49311387,59.54,usd,29.36,0,BUY
2024-12-31 00:29:34.200000 (UTC),ILC,ASX,2.85226194,31.61,aud,90.16,0,BUY
2021-01-22 14:30:19.566000 (UTC),IVW,NYSE,0.5919,65.56,usd,38.8,0.195,BUY
2024-01-14 23:15:03.219000 (UTC),RIO,ASX,0.07209103,128.31,aud,9.25,0,BUY
2024-01-30 14:30:06.588000 (UTC),ASX,NYSE,6.51260504,9.52,usd,62,0,BUY
2023-10-29 23:19:58.759228 (UTC),STU,NZX,9.09090909,1.1,nzd,10,0,BUY
2023-09-26 13:30:00.995000 (UTC),JNJ,NYSE,0.09279769,159.81,usd,14.83,0,BUY
2024-07-15 13:30:07.950000 (UTC),ASX,NYSE,2.03339449,11.99,usd,24.38,0,BUY
2024-01-08 14:30:22.580000 (UTC),PLTR,NASDAQ,0.38224414,16.22,usd,6.2,0,BUY
2024-01-07 23:45:19.445000 (UTC),BSE,ASX,123.2666667,0.15,aud,18.49,0,BUY
2023-11-06 14:30:02.191000 (UTC),IXUS,NASDAQ,0.49109792,60.66,usd,29.79,0,BUY
2024-05-27 02:02:40.309000 (UTC),IXJ,ASX,0.33246509,138.21,aud,45.95,0,BUY
2024-04-29 13:30:00.735000 (UTC),IXUS,NASDAQ,0.44118699,67.046,usd,29.58,0,BUY
2023-12-04 14:30:22.613000 (UTC),AAPL,NASDAQ,0.07794736,190,usd,14.81,0,BUY
2023-12-11 14:30:01.768000 (UTC),IXUS,NASDAQ,0.48479057,62.79,usd,30.44,0,BUY
2023-11-12 23:25:10.746000 (UTC),IXJ,ASX,0.36585754,125.65,aud,45.97,0,BUY
2024-03-05 14:30:03.852000 (UTC),QQQ,NASDAQ,0.06877695,440.7,usd,30.31,0,BUY
2023-10-16 13:30:17.111000 (UTC),QQQ,NASDAQ,0.08004798,366.78,usd,29.36,0,BUY
2024-07-08 01:39:23.019000 (UTC),RIO,ASX,0.14932388,121.28,aud,18.11,0,BUY
2024-07-08 13:30:01.524000 (UTC),IXUS,NASDAQ,0.26517016,69.05,usd,18.31,0,BUY
2025-04-16 13:30:01.715000 (UTC),ASML,NASDAQ,0.22678516,647,usd,146.73,0,BUY
2023-10-16 13:30:12.441000 (UTC),KO,NYSE,0.33170088,53.09,usd,17.61,0,BUY
2024-07-08 13:30:01.341000 (UTC),QQQ,NASDAQ,0.04609715,496.56,usd,22.89,0,BUY
2024-02-28 19:36:19.304000 (UTC),INTC,NASDAQ,1,42,usd,42,0,BUY
2024-03-18 00:03:19.584000 (UTC),RIO,ASX,0.07868432,117.05,aud,9.21,0,BUY
2024-07-08 13:30:08.306000 (UTC),MSFT,NASDAQ,0.01308086,466.33,usd,6.1,0,BUY
2024-05-20 13:30:10.780000 (UTC),INTC,NASDAQ,0.86637786,31.85,usd,27.59,0,BUY
2024-02-18 23:34:26.645000 (UTC),RIO,ASX,0.07075686,131.86,aud,9.33,0,BUY
2024-07-22 13:30:12.011000 (UTC),QQQ,NASDAQ,0.04687118,481.08,usd,22.55,0,BUY
2024-03-18 13:30:05.108000 (UTC),MSFT,NASDAQ,0.04404179,414.43,usd,18.25,0,BUY
2024-05-13 02:37:34.433404 (UTC),CEN,NZX,1.13765643,8.79,nzd,10,0,BUY
2024-03-25 13:30:04.640000 (UTC),SMH,NASDAQ,0.13272337,225.51,usd,29.93,0,BUY
2024-02-12 14:30:02.631000 (UTC),AAPL,NASDAQ,0.09731882,188.35,usd,18.33,0,BUY
2024-06-17 13:30:03.124000 (UTC),ASML,NASDAQ,0.06138729,1044.19,usd,64.1,0,BUY
2023-10-15 23:11:44.767000 (UTC),RIO,ASX,0.08099634,114.82,aud,9.3,0,BUY
2024-04-15 13:30:05.125000 (UTC),NVDA,NASDAQ,0.02986531,891,usd,26.61,0,BUY
2021-04-14 22:40:55 (UTC),ARG,NZX,15,1.495,nzd,22.42,0.11269,BUY
2024-02-20 14:30:31.548000 (UTC),META,NASDAQ,0.03881842,469.88,usd,18.24,0,BUY
2024-02-25 23:45:47.547000 (UTC),RIO,ASX,0.07540193,124.4,aud,9.38,0,BUY
2023-11-26 23:17:08.156000 (UTC),IXJ,ASX,0.36356442,126.36,aud,45.94,0,BUY
2024-04-22 01:53:15.462571 (UTC),CEN,NZX,1.16686114,8.57,nzd,10,0,BUY
2023-10-15 23:15:18.795000 (UTC),IXJ,ASX,0.35463964,131.26,aud,46.55,0,BUY
2024-03-10 23:59:42.074000 (UTC),BSE,ASX,164.7111111,0.112,aud,18.45,0,BUY
2024-05-28 13:30:08.343000 (UTC),IXUS,NASDAQ,0.4373115,69.63,usd,30.45,0,BUY
2023-09-19 13:30:00.994000 (UTC),JNJ,NYSE,0.09066255,162.25,usd,14.71,0,BUY
2024-06-17 02:14:55.877000 (UTC),ILC,ASX,1.52497519,30.23,aud,46.1,0,BUY
2023-12-26 21:47:58.743403 (UTC),STU,NZX,9.09090909,1.1,nzd,10,0,BUY
2025-01-28 14:30:00.039000 (UTC),ASML,NASDAQ,0.08320566,678.8,usd,56.48,0,BUY
2023-12-26 14:30:22.108000 (UTC),NVDA,NASDAQ,0.03810652,489.68,usd,18.66,0,BUY
2023-10-01 23:24:15.371000 (UTC),RIO,ASX,0.08159309,113.49,aud,9.26,0,BUY
2024-05-20 01:39:10.384000 (UTC),RIO,ASX,0.0672213,135.225,aud,9.09,0,BUY
2024-02-20 14:30:32.947000 (UTC),SMH,NASDAQ,0.151845,200.27,usd,30.41,0,BUY
2024-05-20 13:30:05.108000 (UTC),NVDA,NASDAQ,0.02943374,937.5,usd,27.59,0,BUY
2024-07-22 13:30:10.901000 (UTC),AAPL,NASDAQ,0.04239583,227,usd,9.62,0,BUY
2023-11-27 14:30:20.783000 (UTC),SMH,NASDAQ,0.18794941,161.32,usd,30.32,0,BUY
2023-11-05 23:30:40.248000 (UTC),RIO,ASX,0.07508,121.87,aud,9.15,0,BUY
2024-04-15 01:16:59.557774 (UTC),AIR,NZX,41.32231405,0.605,nzd,25,0,BUY
2025-03-28 13:30:06.243000 (UTC),SMH,NASDAQ,0.26291533,216.99,usd,57.05,0,BUY
2024-03-11 00:14:17.587751 (UTC),AIR,NZX,41.97483385,0.596,nzd,25.02,0,BUY
2023-12-03 23:42:38.169723 (UTC),CEN,NZX,1.28205128,7.8,nzd,10,0,BUY
2023-11-12 23:26:03.366064 (UTC),ANZ,NZX,0.92823144,26.933,nzd,25,0,BUY
2022-02-15 21:01:15 (UTC),ARG,NZX,34.79107957,1.43,nzd,49.75,0.24876,BUY
2024-07-15 13:30:10.197000 (UTC),AAPL,NASDAQ,0.04121618,236.61,usd,9.75,0,BUY
2024-03-11 13:30:12.019000 (UTC),MSFT,NASDAQ,0.04557381,403.96,usd,18.41,0,BUY
2024-01-29 14:30:22.010000 (UTC),QQQ,NASDAQ,0.07177416,424.17,usd,30.44,0,BUY
2023-12-10 23:30:12.424000 (UTC),RIO,ASX,0.07179448,128.84,aud,9.25,0,BUY
2024-01-29 14:30:17.897000 (UTC),META,NASDAQ,0.04624473,395,usd,18.27,0,BUY
2021-05-19 13:30:00 (UTC),IDV,CBOE,1,33.35,usd,33.35,0.16759,BUY
2024-04-22 01:52:17.720838 (UTC),ANZ,NZX,0.80984775,30.87,nzd,25,0,BUY
2023-10-30 13:30:01.883000 (UTC),TM,NYSE,0.08045509,172.27,usd,13.86,0,BUY
2023-09-14 04:59:41.000145 (UTC),STU,NZX,65.79370137,1.14,nzd,75,1.04704,BUY
2024-02-11 23:49:51.643000 (UTC),RIO,ASX,0.07244241,128.93,aud,9.34,0,BUY
2023-12-11 14:30:33.553000 (UTC),QQQ,NASDAQ,0.07771451,391.69,usd,30.44,0,BUY
2024-06-17 13:30:06.467000 (UTC),MSFT,NASDAQ,0.04138024,442.24,usd,18.3,0,BUY
2023-10-24 02:23:38.011000 (UTC),ILC,ASX,1.72314049,26.62,aud,45.87,0,BUY
2024-05-13 13:30:03.042000 (UTC),NVDA,NASDAQ,0.02976414,904.78,usd,26.93,0,BUY
2025-03-14 13:30:04.808000 (UTC),QQQ,NASDAQ,0.11972054,473.77,usd,56.72,0,BUY
2024-02-04 23:58:57.258000 (UTC),ILC,ASX,1.55753701,29.72,aud,46.29,0,BUY
2024-03-04 00:09:03.834600 (UTC),CEN,NZX,1.23304562,8.11,nzd,10,0,BUY
2023-11-27 14:30:13.817000 (UTC),AAPL,NASDAQ,0.07640863,189.9,usd,14.51,0,BUY
2024-03-25 13:30:09.361000 (UTC),AAPL,NASDAQ,0.10538805,170.39,usd,17.96,0,BUY
2024-02-27 14:30:03.169000 (UTC),ASX,NYSE,1.13463514,9.73,usd,11.04,0,BUY
2023-11-20 14:30:47.178000 (UTC),TM,NYSE,0.07651121,186.77,usd,14.29,0,BUY
2024-02-05 14:30:01.269000 (UTC),JNJ,NYSE,0.057723,156.61,usd,9.04,0,BUY
2024-02-12 14:30:29.296000 (UTC),ASX,NYSE,1.14226376,9.63,usd,11,0,BUY
2023-12-11 14:30:59.105000 (UTC),KO,NYSE,0.30980658,58.94,usd,18.26,0,BUY
2024-03-24 23:54:23.004530 (UTC),AIR,NZX,41.32231405,0.605,nzd,25,0,BUY
2024-03-18 00:07:02.729000 (UTC),BSE,ASX,179.902439,0.102,aud,18.35,0,BUY
2024-01-28 23:35:43.471000 (UTC),RIO,ASX,0.06967244,132.19,aud,9.21,0,BUY
2024-05-27 02:00:37.836000 (UTC),RIO,ASX,0.069456,132.17,aud,9.18,0,BUY
2023-11-06 14:30:27.250000 (UTC),MSFT,NASDAQ,0.05732717,353.41,usd,20.26,0,BUY
2024-01-02 14:30:01.457000 (UTC),IXUS,NASDAQ,0.48569651,64.32,usd,31.24,0,BUY
2023-03-23 13:30:00.298000 (UTC),RWM,NYSE,0.3953885,24.82,usd,9.81,0.18646,BUY
2023-10-08 23:11:33.892000 (UTC),BSE,ASX,116.625,0.16,aud,18.66,0,BUY
2023-09-25 13:30:28.511000 (UTC),NVDA,NASDAQ,0.04271737,415.99,usd,17.77,0,BUY
2023-11-20 14:30:21.323000 (UTC),QQQ,NASDAQ,0.07713626,386.07,usd,29.78,0,BUY
2024-05-20 01:42:13.962000 (UTC),ILC,ASX,1.49360446,30.49,aud,45.54,0,BUY
2023-10-29 23:21:38.743183 (UTC),CEN,NZX,1.28534704,7.78,nzd,10,0,BUY
2023-11-05 23:33:29.752125 (UTC),CEN,NZX,1.26742712,7.89,nzd,10,0,BUY
2023-10-24 13:30:11.023000 (UTC),QQQ,NASDAQ,0.08141973,357.53,usd,29.11,0,BUY
2023-10-30 13:30:17.109000 (UTC),MSFT,NASDAQ,0.05892058,333.33,usd,19.64,0,BUY
2024-03-24 23:47:17.842000 (UTC),RIO,ASX,0.07479542,122.2,aud,9.14,0,BUY
2024-01-29 14:30:03.441000 (UTC),NVDA,NASDAQ,0.0298431,612.09,usd,18.27,0,BUY
2024-02-20 14:30:09.508000 (UTC),QQQ,NASDAQ,0.0709718,428.48,usd,30.41,0,BUY
2024-05-20 13:30:05.057000 (UTC),MSFT,NASDAQ,0.04380021,420,usd,18.4,0,BUY
2023-12-04 14:30:08.126000 (UTC),KO,NYSE,0.31592422,58.59,usd,18.51,0,BUY
2025-03-28 13:30:02.663000 (UTC),IXUS,NASDAQ,0.80876098,70.54,usd,57.05,0,BUY
2024-01-02 14:30:33.921000 (UTC),META,NASDAQ,0.04263974,351.55,usd,14.99,0,BUY
2023-12-04 14:30:02.020000 (UTC),SMH,NASDAQ,0.19303857,159.45,usd,30.78,0,BUY
2025-02-11 14:30:12.613000 (UTC),NVDA,NASDAQ,0.4225692,132.57,usd,56.02,0,BUY
2023-12-10 23:32:45.325053 (UTC),CEN,NZX,1.27713921,7.83,nzd,10,0,BUY
2024-02-05 14:30:01.167000 (UTC),SMH,NASDAQ,0.15583342,193.54,usd,30.16,0,BUY
2024-05-28 13:30:03.094000 (UTC),TM,NYSE,0.07506849,219,usd,16.44,0,BUY
2023-09-18 00:14:58.986274 (UTC),24112,FundNZ,10.628,1.035,nzd,11,0,BUY
2024-01-02 14:30:26.714000 (UTC),QQQ,NASDAQ,0.07698752,405.78,usd,31.24,0,BUY
2023-12-26 23:06:31.506000 (UTC),RIO,ASX,0.06735482,134.66,aud,9.07,0,BUY
2024-02-01 14:30:00.741000 (UTC),ASX,NYSE,5,9.21,usd,46.05,0,BUY
2023-08-28 13:30:04.078000 (UTC),RWM,NYSE,2.3953885,23.37,usd,55.98,1.04379,SELL
2024-04-15 13:30:01.774000 (UTC),KO,NYSE,0.06039924,58.61,usd,3.54,0,BUY
2023-10-24 13:30:17.065000 (UTC),TM,NYSE,0.08064888,173.22,usd,13.97,0,BUY
2024-01-08 14:30:00.996000 (UTC),IXUS,NASDAQ,0.48659244,63.77,usd,31.03,0,BUY
2024-03-18 13:30:37.468000 (UTC),META,NASDAQ,0.03707016,492.37,usd,18.25,0,BUY
2024-07-08 01:43:43.400814 (UTC),CEN,NZX,2.28571429,8.75,nzd,20,0,BUY
2024-05-27 02:03:30 (UTC),BSE,ASX,65.60714286,0.28,aud,18.37,0,BUY
2024-02-20 14:30:21.987000 (UTC),AAPL,NASDAQ,0.10036315,181.74,usd,18.24,0,BUY
2024-01-08 14:30:15.530000 (UTC),NVDA,NASDAQ,0.03761388,495.03,usd,18.62,0,BUY
2021-04-22 13:31:06.133000 (UTC),PLTR,NASDAQ,0.7357174,22.93,usd,16.87,0.08477,BUY
2023-10-30 13:30:01.796000 (UTC),IXUS,NASDAQ,0.498963,57.86,usd,28.87,0,BUY
2024-05-13 02:33:39.955000 (UTC),RIO,ASX,0.07009815,129.39,aud,9.07,0,BUY
2021-02-25 16:51:54.203000 (UTC),IDV,CBOE,1,31.7,usd,31.7,0.1593,BUY
2024-05-13 02:35:29.738000 (UTC),IXJ,ASX,0.32869565,138,aud,45.36,0,BUY
2024-01-29 14:30:18.754000 (UTC),AAPL,NASDAQ,0.09514385,191.99,usd,18.27,0,BUY
2024-07-08 01:42:00.468000 (UTC),IXJ,ASX,0.04983852,136.24,aud,6.79,0,BUY
2023-10-09 13:30:01.280000 (UTC),MSFT,NASDAQ,0.06401453,324.77,usd,20.79,0,BUY
2024-05-13 02:36:45.114000 (UTC),BSE,ASX,71.1372549,0.255,aud,18.14,0,BUY
2024-02-11 23:54:09.311906 (UTC),ANZ,NZX,0.84231806,29.68,nzd,25,0,BUY
2024-02-12 14:30:21.394000 (UTC),META,NASDAQ,0.03915829,468.1,usd,18.33,0,BUY
2024-03-18 13:30:01.340000 (UTC),IXUS,NASDAQ,0.45166889,67.35,usd,30.42,0,BUY
2024-04-22 13:30:02.088000 (UTC),ASX,NYSE,1.04347826,10.12,usd,10.56,0,BUY
2024-04-29 13:30:05.006000 (UTC),INTC,NASDAQ,0.83526827,31.87,usd,26.62,0,BUY
2024-06-11 00:00:00.306000 (UTC),ILC,ASX,1.52143799,30.32,aud,46.13,0,BUY
2024-06-17 02:15:32.496000 (UTC),IXJ,ASX,0.32876908,140.22,aud,46.1,0,BUY
2024-03-25 13:30:01.735000 (UTC),ASX,NYSE,0.96890665,11.12,usd,10.77,0,BUY
2023-12-04 14:30:01.255000 (UTC),TM,NYSE,0.07873052,188.11,usd,14.81,0,BUY
2023-12-10 23:31:41.148000 (UTC),ILC,ASX,1.63951841,28.24,aud,46.3,0,BUY
2023-11-13 14:30:23.742000 (UTC),PLTR,NASDAQ,0.29795918,19.6,usd,5.84,0,BUY
2023-12-11 14:30:16.024000 (UTC),META,NASDAQ,0.04433721,329.52,usd,14.61,0,BUY
2024-04-08 13:30:01.936000 (UTC),IXUS,NASDAQ,0.43984685,67.91,usd,29.87,0,BUY
2023-11-13 14:30:17.148000 (UTC),KO,NYSE,0.30990641,56.63,usd,17.55,0,BUY
2024-06-17 13:30:08.077000 (UTC),META,NASDAQ,0.03646798,501.81,usd,18.3,0,BUY
2023-12-26 14:30:01.487000 (UTC),IXUS,NASDAQ,0.48352502,64.34,usd,31.11,0,BUY
2023-11-13 14:30:11.312000 (UTC),JNJ,NYSE,0.09546474,147.07,usd,14.04,0,BUY
2024-01-28 23:55:52.404859 (UTC),AIR,NZX,38.46153846,0.65,nzd,25,0,BUY
2023-12-26 14:31:05.038000 (UTC),KO,NYSE,0.32139166,58.06,usd,18.66,0,BUY
2024-04-22 13:30:04.712000 (UTC),AAPL,NASDAQ,0.1063444,165.5,usd,17.6,0,BUY
2023-10-16 13:30:23.108000 (UTC),AAPL,NASDAQ,0.07977578,176.62,usd,14.09,0,BUY
2024-04-29 13:30:01.812000 (UTC),TM,NYSE,0.01552631,228,usd,3.54,0,BUY
2024-05-20 01:42:06.336000 (UTC),IXJ,ASX,0.32847663,138.64,aud,45.54,0,BUY
2024-06-10 13:30:07.644000 (UTC),AAPL,NASDAQ,0.09244131,196.882,usd,18.2,0,BUY
2023-10-01 22:43:31.015193 (UTC),24112,FundNZ,11.1653,0.985,nzd,11,0,BUY
2024-03-05 14:30:01.436000 (UTC),IXUS,NASDAQ,0.45764759,66.23,usd,30.31,0,BUY
2023-12-04 14:30:13.609000 (UTC),QQQ,NASDAQ,0.07972234,386.09,usd,30.78,0,BUY
2024-05-16 19:46:52.442000 (UTC),IDV,CBOE,6.966949,29.9,usd,208.31,0,SELL
2024-04-15 01:15:46.620280 (UTC),CEN,NZX,1.19047619,8.4,nzd,10,0,BUY
2024-03-10 23:58:26.723376 (UTC),STU,NZX,8.77192983,1.14,nzd,10,0,BUY
2023-11-13 14:30:12.091000 (UTC),NVDA,NASDAQ,0.03629708,483.51,usd,17.55,0,BUY
2024-05-20 01:42:03.417000 (UTC),BSE,ASX,68,0.268,aud,18.22,0,BUY
2024-04-15 13:30:04.674000 (UTC),META,NASDAQ,0.03437984,516,usd,17.74,0,BUY
2024-06-17 02:16:17.992931 (UTC),CEN,NZX,1.08342362,9.23,nzd,10,0,BUY
2024-07-08 01:42:15.598000 (UTC),BSE,ASX,120.7320388,0.262,aud,31.63,0,BUY
2023-10-24 02:22:22.799758 (UTC),ANZ,NZX,0.91307524,27.38,nzd,25,0,BUY
2024-07-15 13:30:14.117000 (UTC),SMH,NASDAQ,0.09923898,276.41,usd,27.43,0,BUY
2025-04-16 13:30:06.521000 (UTC),SMH,NASDAQ,1.21568017,193.11,usd,234.76,0,BUY
2024-05-13 13:30:02.569000 (UTC),TM,NYSE,0.0164901,217.1,usd,3.58,0,BUY
2024-01-16 14:30:13.948000 (UTC),META,NASDAQ,0.03983082,373.58,usd,14.88,0,BUY
2024-05-20 13:30:04.924000 (UTC),QQQ,NASDAQ,0.06746022,451.97,usd,30.49,0,BUY
2023-09-05 13:30:06.782000 (UTC),JNJ,NYSE,1,160.49,usd,160.49,0,BUY
2023-10-30 13:30:06.489000 (UTC),PLTR,NASDAQ,0.37786509,15.27,usd,5.77,0,BUY
2024-01-01 22:59:51.001000 (UTC),ILC,ASX,1.53227976,29.74,aud,45.57,0,BUY
2024-03-11 13:31:54.465000 (UTC),TM,NYSE,0.01553594,236.87,usd,3.68,0,BUY
2024-05-13 13:30:00.742000 (UTC),ASML,NASDAQ,0.0484542,927.68,usd,44.95,0,BUY
2025-03-14 13:30:01.628000 (UTC),ASML,NASDAQ,0.08016335,707.68,usd,56.73,0,BUY
2024-07-31 13:30:02.241000 (UTC),ASX,NYSE,1.778002,9.91,usd,17.62,0,BUY
2024-04-15 13:30:03.196000 (UTC),INTC,NASDAQ,0.73875624,36.02,usd,26.61,0,BUY
2024-05-20 13:30:02.191000 (UTC),IXUS,NASDAQ,0.43557142,70,usd,30.49,0,BUY
2023-10-24 13:30:01.441000 (UTC),IXUS,NASDAQ,0.50189655,58,usd,29.11,0,BUY
2024-02-25 23:49:00.341000 (UTC),BSE,ASX,183.0226961,0.103,aud,18.85,0,BUY
2024-01-29 14:30:16.205000 (UTC),TM,NYSE,0.09147971,199.68,usd,18.27,0,BUY
2023-11-06 14:30:00.955000 (UTC),SMH,NASDAQ,0.19913188,149.75,usd,29.82,0,BUY
2023-10-08 22:33:50.221775 (UTC),24112,FundNZ,11.1516,0.986,nzd,11,0,BUY
2023-09-18 00:14:58.986274 (UTC),42033,FundNZ,13.4837,1.632,nzd,22.01,0,BUY
2024-03-05 14:30:06.270000 (UTC),KO,NYSE,0.06059088,59.91,usd,3.63,0,BUY
2023-11-05 23:34:59.093000 (UTC),IXJ,ASX,0.36848465,124.13,aud,45.74,0,BUY
2025-02-25 14:30:02.189000 (UTC),IXUS,NASDAQ,0.80500211,70.77,usd,56.97,0,BUY
2024-02-27 14:30:01.286000 (UTC),QQQ,NASDAQ,0.07012571,437.5,usd,30.68,0,BUY
2024-03-18 13:30:01.907000 (UTC),ASML,NASDAQ,0.04806458,949.36,usd,45.63,0,BUY
2024-02-28 14:39:15.223000 (UTC),ASX,NYSE,10,9.5,usd,95,0,BUY
2024-02-27 14:30:03.052000 (UTC),KO,NYSE,0.06078625,60.54,usd,3.68,0,BUY
2024-03-04 23:54:33.253000 (UTC),IXJ,ASX,0.33126957,140.52,aud,46.55,0,BUY
2024-01-28 23:36:48.411821 (UTC),STU,NZX,8.54700855,1.17,nzd,10,0,BUY
2024-06-10 13:30:07.735000 (UTC),INTC,NASDAQ,0.89394435,30.55,usd,27.31,0,BUY
2023-10-15 23:14:38.040115 (UTC),CEN,NZX,1.25628141,7.96,nzd,10,0,BUY
2024-03-11 13:30:00.848000 (UTC),ASX,NYSE,0.99639314,11.09,usd,11.05,0,BUY
2021-03-04 17:48:49.704000 (UTC),IDV,CBOE,1,31.3,usd,31.3,0.15729,BUY
2024-01-28 23:37:40.686000 (UTC),IXJ,ASX,0.34675598,132.86,aud,46.07,0,BUY
2024-05-28 13:30:00.574000 (UTC),ASML,NASDAQ,0.06606451,972.8,usd,64.27,0,BUY
2024-06-17 13:30:02.245000 (UTC),IXUS,NASDAQ,0.45564516,66.96,usd,30.51,0,BUY
2024-05-27 02:03:45.012000 (UTC),ILC,ASX,1.52051621,30.22,aud,45.95,0,BUY
2023-10-15 23:13:59.236900 (UTC),ANZ,NZX,0.91407678,27.35,nzd,25,0,BUY
2025-03-14 13:30:00.506000 (UTC),IXUS,NASDAQ,0.8019228,70.73,usd,56.72,0,BUY
2024-07-22 13:30:03.136000 (UTC),IXUS,NASDAQ,0.2614731,68.99,usd,18.04,0,BUY
2024-01-28 23:39:31.208761 (UTC),ANZ,NZX,0.86355786,28.95,nzd,25,0,BUY
2023-09-13 04:03:01.007748 (UTC),STU,NZX,7,1.14,nzd,7.98,0,BUY
2024-01-29 20:41:53.012000 (UTC),INTC,NASDAQ,1.37646249,43.59,usd,60,0,BUY
2024-06-17 13:30:02.983000 (UTC),TM,NYSE,0.08524844,193.2,usd,16.47,0,BUY
2024-04-08 13:30:00.865000 (UTC),ASX,NYSE,0.97373188,11.04,usd,10.75,0,BUY
2025-01-21 14:30:00.551000 (UTC),PLTR,NASDAQ,0.13654835,73.23,usd,10,0,SELL
2024-02-20 14:30:34.271000 (UTC),TM,NYSE,0.01598032,227.78,usd,3.64,0,BUY
2024-04-22 13:30:03.182000 (UTC),NVDA,NASDAQ,0.03379805,781.11,usd,26.4,0,BUY
2024-07-08 13:30:10.670000 (UTC),NVDA,NASDAQ,0.11965811,127.53,usd,15.26,0,BUY
2024-04-22 01:57:48.119440 (UTC),STU,NZX,9.50496912,1.052,nzd,10,0,BUY
2023-09-11 23:57:42.828990 (UTC),23895,FundNZ,2.97,2.869,nzd,8.52,0,BUY
2024-07-29 13:30:06.972000 (UTC),ASX,NYSE,2.2847248,10.32,usd,23.58,0,BUY
2023-11-26 23:39:29.581729 (UTC),AIR,NZX,37.90886315,0.659,nzd,24.98,0,BUY
2024-02-15 14:30:03.119000 (UTC),PLTR,NASDAQ,2,25,usd,50,0,BUY
2024-02-05 14:30:12.725000 (UTC),ASX,NYSE,1.22737556,8.84,usd,10.85,0,BUY
2024-03-25 13:30:02.783000 (UTC),IXUS,NASDAQ,0.44380856,67.44,usd,29.93,0,BUY
2023-12-10 23:38:14.733000 (UTC),IXJ,ASX,0.36479672,126.92,aud,46.3,0,BUY
2024-06-10 13:30:01.418000 (UTC),JNJ,NYSE,0.06214552,146.431,usd,9.1,0,BUY
2024-03-18 00:08:05.310912 (UTC),CEN,NZX,1.20918984,8.27,nzd,10,0,BUY
2024-05-13 13:30:01.136000 (UTC),SMH,NASDAQ,0.13352678,224,usd,29.91,0,BUY
2024-03-25 13:30:05.951000 (UTC),NVDA,NASDAQ,0.02865946,939.85,usd,26.94,0,BUY
2024-03-04 00:10:34.540442 (UTC),AIR,NZX,40.98360656,0.61,nzd,25,0,BUY
2024-04-22 13:30:04.849000 (UTC),META,NASDAQ,0.03595945,489.44,usd,17.6,0,BUY
2025-02-25 14:30:03.179000 (UTC),ASML,NASDAQ,0.07782967,732.24,usd,56.99,0,BUY
2024-06-17 02:11:43.856000 (UTC),RIO,ASX,0.07729104,119.16,aud,9.21,0,BUY
2024-07-08 13:30:10.004000 (UTC),AAPL,NASDAQ,0.02686041,227.1,usd,6.1,0,BUY
2025-04-16 13:30:10.030000 (UTC),NVDA,NASDAQ,1.12389888,104.44,usd,117.38,0,BUY
2025-02-11 14:30:00.594000 (UTC),ASML,NASDAQ,0.07522795,744.67,usd,56.02,0,BUY
2023-11-27 14:30:17.852000 (UTC),KO,NYSE,0.30971486,58.57,usd,18.14,0,BUY
2024-05-13 13:30:03.093000 (UTC),META,NASDAQ,0.03800067,472.36,usd,17.95,0,BUY
2024-05-28 13:30:07.393000 (UTC),SMH,NASDAQ,0.12280206,247.96,usd,30.45,0,BUY
2024-06-10 13:30:01.005000 (UTC),ASML,NASDAQ,0.06272757,1016.14,usd,63.74,0,BUY
2024-03-11 13:30:02.530000 (UTC),ASML,NASDAQ,0.04698054,979.98,usd,46.04,0,BUY
2024-06-11 00:06:58.369000 (UTC),RIO,ASX,0.07436415,123.85,aud,9.21,0,BUY
2024-03-11 23:15:05.119000 (UTC),ILC,ASX,1.54769847,29.98,aud,46.4,0,BUY
2024-07-22 02:07:48.170000 (UTC),IXJ,ASX,0.04786361,140.19,aud,6.71,0,BUY
2021-02-18 20:39:13.319000 (UTC),IDV,CBOE,1,30.92,usd,30.92,0.15538,BUY
2024-02-20 14:30:14.938000 (UTC),INTC,NASDAQ,0.61853107,44.25,usd,27.37,0,BUY
2024-07-15 01:57:34.750000 (UTC),ILC,ASX,0.86106675,31.31,aud,26.96,0,BUY
2023-10-16 23:00:00 (UTC),23895,FundNZ,14.92,2.795,nzd,41.7,0,SELL
2023-10-29 23:19:30.911000 (UTC),RIO,ASX,0.07721648,117.98,aud,9.11,0,BUY
2024-01-29 14:30:01.219000 (UTC),ASML,NASDAQ,0.0315821,867.58,usd,27.4,0,BUY
2024-03-10 23:56:16.125000 (UTC),RIO,ASX,0.07895634,117.28,aud,9.26,0,BUY
2024-01-02 14:30:41.092000 (UTC),GSBD,NYSE,5.14050719,14.59,usd,75,0,BUY
2024-04-29 13:30:01.010000 (UTC),NVDA,NASDAQ,0.03038985,875.95,usd,26.62,0,BUY
2024-01-02 14:30:22.209000 (UTC),NVDA,NASDAQ,0.03803531,492.7,usd,18.74,0,BUY
2024-02-25 23:51:59.439287 (UTC),AIR,NZX,41.32231405,0.605,nzd,25,0,BUY
2024-01-14 23:19:32.623920 (UTC),CEN,NZX,1.24155969,8.054,nzd,10,0,BUY
2021-08-23 13:30:11.557000 (UTC),GSBD,NYSE,0.67555362,18.95,usd,12.8,0.06401,BUY
2024-03-05 14:30:03.529000 (UTC),INTC,NASDAQ,0.61239613,44.53,usd,27.27,0,BUY
2023-12-26 23:00:50.493000 (UTC),IXJ,ASX,0.35981309,126.26,aud,45.43,0,BUY
2024-01-07 23:43:52.642000 (UTC),RIO,ASX,0.06939021,133.16,aud,9.24,0,BUY
2024-07-08 01:42:44.071574 (UTC),ANZ,NZX,0.78864353,31.7,nzd,25,0,BUY
2023-11-20 14:30:01.264000 (UTC),IXUS,NASDAQ,0.47793291,62.31,usd,29.78,0,BUY
2024-07-29 13:30:03.921000 (UTC),MSFT,NASDAQ,0.01912408,431.52,usd,8.25,0,BUY
2024-04-22 13:30:03.143000 (UTC),INTC,NASDAQ,0.76766502,34.39,usd,26.4,0,BUY
2025-01-29 14:30:00.827000 (UTC),ASX,NYSE,6,9.99,usd,59.94,0,BUY
2024-07-29 13:30:05.552000 (UTC),NVDA,NASDAQ,0.36290352,113.7,usd,41.26,0,BUY
2024-12-31 14:30:01.756000 (UTC),IXUS,NASDAQ,0.84488996,66.34,usd,56.05,0,BUY
2024-04-08 01:05:23.935000 (UTC),IXJ,ASX,0.33160622,137.03,aud,45.44,0,BUY
2025-02-25 14:30:06.228000 (UTC),QQQ,NASDAQ,0.1097413,519.13,usd,56.97,0,BUY
2023-10-16 13:30:21.806000 (UTC),MSFT,NASDAQ,0.06030029,331.01,usd,19.96,0,BUY
2023-11-20 14:30:26.818000 (UTC),NVDA,NASDAQ,0.03623055,493.23,usd,17.87,0,BUY
2024-01-14 23:16:30.423000 (UTC),ILC,ASX,1.59182973,29.13,aud,46.37,0,BUY
2024-02-12 14:30:21.427000 (UTC),INTC,NASDAQ,0.63399446,43.36,usd,27.49,0,BUY
2024-06-10 13:30:04.401000 (UTC),MSFT,NASDAQ,0.04285075,424.73,usd,18.2,0,BUY
2024-01-02 14:30:47.541000 (UTC),TM,NYSE,0.08229481,182.15,usd,14.99,0,BUY
2024-04-29 13:30:02.416000 (UTC),JNJ,NYSE,0.06069522,146.14,usd,8.87,0,BUY
2024-03-04 00:06:25.888298 (UTC),STU,NZX,9.00900901,1.11,nzd,10,0,BUY
2024-02-04 23:58:48.623000 (UTC),BSE,ASX,115.75,0.16,aud,18.52,0,BUY
2023-12-26 14:30:28.966000 (UTC),MSFT,NASDAQ,0.05639999,375,usd,21.15,0,BUY
2023-10-30 13:30:13.472000 (UTC),KO,NYSE,0.31264657,55.43,usd,17.33,0,BUY
2024-07-22 13:30:06.115000 (UTC),ASML,NASDAQ,0.03891508,927.39,usd,36.09,0,BUY
2024-02-11 23:51:57.273000 (UTC),IXJ,ASX,0.34045801,137.55,aud,46.83,0,BUY
2024-02-12 14:30:22.995000 (UTC),SMH,NASDAQ,0.14967419,204.11,usd,30.55,0,BUY
2023-11-13 14:30:21.037000 (UTC),SMH,NASDAQ,0.18694874,156.46,usd,29.25,0,BUY
2024-03-05 14:30:02.992000 (UTC),META,NASDAQ,0.03672727,495,usd,18.18,0,BUY
2023-10-24 02:19:29.760000 (UTC),RIO,ASX,0.08159815,112.38,aud,9.17,0,BUY
2024-04-22 01:49:23.047000 (UTC),RIO,ASX,0.06926703,131.52,aud,9.11,0,BUY
2024-02-01 14:30:15.034000 (UTC),ASX,NYSE,0.42888165,9.21,usd,3.95,0,BUY
2023-12-11 14:30:33.201000 (UTC),PLTR,NASDAQ,0.34023502,17.87,usd,6.08,0,BUY
2023-09-11 00:36:54.411646 (UTC),23773,FundNZ,2.992,2.841,nzd,8.5,0,BUY
2023-11-06 00:57:18.084174 (UTC),STU,NZX,9.17431193,1.09,nzd,10,0,BUY
2023-12-26 14:30:28.600000 (UTC),TM,NYSE,0.0836274,178.53,usd,14.93,0,BUY
2023-11-27 14:30:08.323000 (UTC),NVDA,NASDAQ,0.03794978,478,usd,18.14,0,BUY
2024-03-24 23:50:30.416000 (UTC),ILC,ASX,1.50460829,30.38,aud,45.71,0,BUY
2024-04-08 01:06:45.224812 (UTC),ANZ,NZX,0.78173859,31.98,nzd,25,0,BUY
2023-11-13 14:30:25.156000 (UTC),MSFT,NASDAQ,0.05404891,368,usd,19.89,0,BUY
2023-10-08 23:12:06.770226 (UTC),ANZ,NZX,0.92421442,27.05,nzd,25,0,BUY
2023-10-16 13:30:01.094000 (UTC),TM,NYSE,0.0790729,178.19,usd,14.09,0,BUY
2023-12-26 23:24:31.033235 (UTC),ANZ,NZX,0.89190153,28.03,nzd,25,0,BUY
2024-01-16 14:30:13.083000 (UTC),NVDA,NASDAQ,0.03383636,550,usd,18.61,0,BUY
2024-02-20 14:30:38.910000 (UTC),MSFT,NASDAQ,0.04523809,403.2,usd,18.24,0,BUY
2024-03-10 23:59:23.305000 (UTC),ANZ,NZX,0.78939059,31.67,nzd,25,0,BUY
2023-10-08 23:13:26.576528 (UTC),AIR,NZX,35.21126761,0.71,nzd,25,0,BUY
2023-09-26 13:30:12.986000 (UTC),AAPL,NASDAQ,0.0848204,174.84,usd,14.83,0,BUY
2024-04-08 13:30:03.749000 (UTC),INTC,NASDAQ,0.69583225,38.63,usd,26.88,0,BUY
2024-04-29 03:22:22.030000 (UTC),IXJ,ASX,0.3340726,135.27,aud,45.19,0,BUY
2024-04-29 13:30:04.994000 (UTC),ASX,NYSE,1.0400782,10.23,usd,10.64,0,BUY
2023-10-24 13:30:09.355000 (UTC),MSFT,NASDAQ,0.05973438,331.3,usd,19.79,0,BUY
2023-11-26 23:11:04.884000 (UTC),ILC,ASX,1.6590827,27.69,aud,45.94,0,BUY
2024-03-05 14:30:01.501000 (UTC),TM,NYSE,0.01466606,247.51,usd,3.63,0,BUY
2024-02-25 23:59:28.434461 (UTC),ANZ,NZX,0.8291874,30.15,nzd,25,0,BUY
2024-07-31 13:30:03.721000 (UTC),IXUS,NASDAQ,0.33954899,69.18,usd,23.49,0,BUY
2025-02-11 14:30:10.428000 (UTC),SMH,NASDAQ,0.22616067,247.7,usd,56.02,0,BUY
2023-10-03 13:30:07.031000 (UTC),JNJ,NYSE,0.09561675,154.68,usd,14.79,0,BUY
2024-04-29 03:24:54.804902 (UTC),STU,NZX,9.80392157,1.02,nzd,10,0,BUY
2024-05-13 02:54:42.125713 (UTC),STU,NZX,10,1,nzd,10,0,BUY
2024-03-18 13:30:05.774000 (UTC),JNJ,NYSE,0.0575091,158.69,usd,9.13,0,BUY
2023-12-03 23:44:00.912741 (UTC),AIR,NZX,37.82876457,0.661,nzd,25,0,BUY
2024-01-02 14:30:35.849000 (UTC),AAPL,NASDAQ,0.08014756,187.03,usd,14.99,0,BUY
2024-02-05 00:03:06.874417 (UTC),AIR,NZX,38.75968992,0.645,nzd,25,0,BUY
2024-03-25 13:30:02.995000 (UTC),JNJ,NYSE,0.05777692,155.4,usd,8.98,0,BUY
2023-09-24 22:41:03.777839 (UTC),23773,FundNZ,3.0742,2.765,nzd,8.5,0,BUY
2024-01-07 23:46:05.417487 (UTC),CEN,NZX,1.24688279,8.02,nzd,10,0,BUY
2024-02-12 14:30:17.827000 (UTC),JNJ,NYSE,0.05850044,156.58,usd,9.16,0,BUY
2024-04-09 13:30:01.583000 (UTC),IBIT,NASDAQ,16,40.3,usd,644.8,0.78121,BUY
2023-10-29 23:20:51.692000 (UTC),ILC,ASX,1.72482968,26.42,aud,45.57,0,BUY
2024-02-20 14:30:15.222000 (UTC),KO,NYSE,0.06107382,59.6,usd,3.64,0,BUY
2025-04-16 13:30:01.015000 (UTC),ASX,NYSE,10.81449631,8.14,usd,88.03,0,BUY
2024-01-29 14:30:16.724000 (UTC),INTC,NASDAQ,0.62685895,43.71,usd,27.4,0,BUY
2024-04-15 01:14:50.439000 (UTC),IXJ,ASX,0.33697498,135.47,aud,45.65,0,BUY
2023-09-25 23:00:00 (UTC),23895,FundNZ,2.96,2.866,nzd,8.48,0,BUY
2023-10-24 13:30:02.754000 (UTC),NVDA,NASDAQ,0.04054147,430.67,usd,17.46,0,BUY
2021-02-11 17:46:40.098000 (UTC),IDV,CBOE,1,30.53,usd,30.53,0.15342,BUY
2024-03-25 13:30:07.323000 (UTC),INTC,NASDAQ,0.65857225,40.9,usd,26.94,0,BUY
2024-03-11 13:30:04.957000 (UTC),INTC,NASDAQ,0.62987457,43.85,usd,27.62,0,BUY
2023-12-26 14:30:03.876000 (UTC),QQQ,NASDAQ,0.07602081,409.23,usd,31.11,0,BUY
2023-11-06 14:30:19.556000 (UTC),JNJ,NYSE,0.09416567,151.86,usd,14.3,0,BUY
2024-03-11 13:30:05.219000 (UTC),KO,NYSE,0.06153845,59.8,usd,3.68,0,BUY
2023-09-28 22:04:49.219521 (UTC),SPK,NZX,895,4.612,nzd,4127.74,0,BUY
2024-05-27 02:06:57.527633 (UTC),ANZ,NZX,0.81274382,30.76,nzd,25,0,BUY
2024-04-08 13:30:03.665000 (UTC),TM,NYSE,0.01466721,243.4,usd,3.57,0,BUY
2023-09-13 03:12:54.357831 (UTC),STU,NZX,2,1.14,nzd,2.28,0,BUY
2021-04-29 13:53:42 (UTC),PLTR,NASDAQ,1,23.5,usd,23.5,0.11809,BUY
2023-11-06 14:30:23.879000 (UTC),PLTR,NASDAQ,0.31315789,19,usd,5.95,0,BUY
2024-04-29 13:30:02.823000 (UTC),QQQ,NASDAQ,0.06827939,433.22,usd,29.58,0,BUY
2023-11-27 14:30:01.716000 (UTC),JNJ,NYSE,0.09527874,152.29,usd,14.51,0,BUY
2024-02-26 23:04:13.934000 (UTC),ILC,ASX,1.58052561,29.68,aud,46.91,0,BUY
2024-01-29 14:30:00.617000 (UTC),IXUS,NASDAQ,0.47487833,64.11,usd,30.44,0,BUY
2023-10-01 23:25:46.972576 (UTC),ANZ,NZX,0.91074681,27.45,nzd,25,0,BUY
2023-10-01 22:43:31.015193 (UTC),23773,FundNZ,3.1189,2.725,nzd,8.5,0,BUY
2024-02-27 14:30:03.866000 (UTC),META,NASDAQ,0.03835416,480,usd,18.41,0,BUY
2024-06-10 13:30:05.118000 (UTC),ASX,NYSE,1.01770736,10.73,usd,10.92,0,BUY
2024-04-22 01:52:03.580000 (UTC),BSE,ASX,81.11111111,0.225,aud,18.25,0,BUY
2024-01-07 23:47:42.815023 (UTC),ANZ,NZX,0.90415913,27.65,nzd,25,0,BUY
2025-04-07 13:30:01.919000 (UTC),ITA,CBOE,0.42797128,130.92,usd,56.03,0,BUY
2024-04-22 13:30:03.895000 (UTC),SMH,NASDAQ,0.14597741,200.99,usd,29.34,0,BUY
2023-10-01 23:27:44.990642 (UTC),AIR,NZX,34.01360544,0.735,nzd,25,0,BUY
2024-03-05 14:30:03.559000 (UTC),SMH,NASDAQ,0.13631048,222.36,usd,30.31,0,BUY
2024-04-22 13:30:02.866000 (UTC),ASML,NASDAQ,0.05063801,869.11,usd,44.01,0,BUY
2024-05-13 13:30:01.368000 (UTC),IXUS,NASDAQ,0.43442265,68.85,usd,29.91,0,BUY
2023-10-09 23:00:00 (UTC),23895,FundNZ,3.02,2.807,nzd,8.48,0,BUY
2024-03-11 13:31:53.512000 (UTC),TM,NYSE,1,236.87,usd,236.87,0,BUY
2024-05-13 02:38:50.136823 (UTC),AIR,NZX,45.45454546,0.55,nzd,25,0,BUY
2024-04-15 13:30:04.139000 (UTC),QQQ,NASDAQ,0.06688985,442.07,usd,29.57,0,BUY
2023-10-02 13:30:11.287000 (UTC),KO,NYSE,0.32007881,55.83,usd,17.87,0,BUY
2025-06-27 13:30:50.297000 (UTC),KO,NYSE,6.14386056,69.55,usd,427.31,0,SELL
2023-09-08 02:14:03.872599 (UTC),STU,NZX,172.4137931,1.16,nzd,200,0,BUY
2024-01-28 23:38:18.371000 (UTC),BSE,ASX,115.125,0.16,aud,18.42,0,BUY
2024-05-28 13:30:04.589000 (UTC),META,NASDAQ,0.03832679,476.69,usd,18.27,0,BUY
2022-04-11 00:00:00 (UTC),BSE,ASX,157,0.315,aud,49.46,0.24728,BUY
2025-01-28 14:30:03.146000 (UTC),QQQ,NASDAQ,0.10948748,515.31,usd,56.42,0,BUY
2025-07-23 13:30:04.665000 (UTC),HIMX,NASDAQ,0.94202898,9.66,usd,9.1,0,BUY
2023-09-25 13:30:09.888000 (UTC),KO,NYSE,0.30931244,57.45,usd,17.77,0,BUY
2025-04-02 13:30:00.059000 (UTC),ITA,CBOE,0.15070108,152.62,usd,23,0,BUY
2024-05-28 13:30:00.988000 (UTC),MSFT,NASDAQ,0.04248837,430,usd,18.27,0,BUY
2023-11-19 23:29:05.337000 (UTC),BSE,ASX,143.372549,0.128,aud,18.35,0,BUY
2023-12-11 14:30:00.957000 (UTC),JNJ,NYSE,0.09450805,154.59,usd,14.61,0,BUY
2023-10-08 22:33:50.221775 (UTC),42033,FundNZ,14.0289,1.568,nzd,22,0,BUY
2024-02-04 23:58:05.487939 (UTC),STU,NZX,8.40336134,1.19,nzd,10,0,BUY
2023-11-20 14:30:21.660000 (UTC),MSFT,NASDAQ,0.05458221,371,usd,20.25,0,BUY
2024-04-29 03:23:09.671000 (UTC),ILC,ASX,1.55025729,29.15,aud,45.19,0,BUY
2021-09-23 13:30:33.548000 (UTC),PLTR,NASDAQ,2.50635988,27.79,usd,69.65,0.34826,BUY
2024-01-08 14:30:17.429000 (UTC),META,NASDAQ,0.04194366,355,usd,14.89,0,BUY
2023-12-26 14:30:29.017000 (UTC),AAPL,NASDAQ,0.07711777,193.6,usd,14.93,0,BUY
2025-01-29 14:30:01.896000 (UTC),ASX,NYSE,0.2062062,9.99,usd,2.06,0,BUY
2024-03-24 23:49:27.259000 (UTC),IXJ,ASX,0.32663999,139.94,aud,45.71,0,BUY
2024-04-08 01:06:42.999000 (UTC),ILC,ASX,1.50613192,30.17,aud,45.44,0,BUY
2024-04-22 01:54:25.913792 (UTC),AIR,NZX,43.47826087,0.575,nzd,25,0,BUY
2025-05-23 13:51:35.748000 (UTC),UUUU,NYSE,110,5,usd,550,4.70268,SELL
2024-02-26 23:03:29.915000 (UTC),IXJ,ASX,0.33459344,140.2,aud,46.91,0,BUY
2024-05-27 02:01:47.616239 (UTC),STU,NZX,10.41666667,0.96,nzd,10,0,BUY
2023-10-29 23:20:57.364353 (UTC),ANZ,NZX,0.93703148,26.68,nzd,25,0,BUY
2024-08-07 13:30:03.928000 (UTC),NVDA,NASDAQ,0.38641838,107.94,usd,41.71,0,BUY
2025-07-23 13:30:00.644000 (UTC),HIMX,NASDAQ,15,9.66,usd,144.9,0,BUY
2023-09-26 13:30:00.926000 (UTC),TM,NYSE,0.08183875,181.21,usd,14.83,0,BUY
2024-02-12 14:30:00.268000 (UTC),IXUS,NASDAQ,0.47386381,64.47,usd,30.55,0,BUY
2024-01-02 14:30:28.628000 (UTC),PLTR,NASDAQ,0.36814159,16.95,usd,6.24,0,BUY
2024-02-27 14:30:02.804000 (UTC),AAPL,NASDAQ,0.10165093,181.11,usd,18.41,0,BUY
2023-11-19 23:31:01.252000 (UTC),ILC,ASX,1.6567597,27.59,aud,45.71,0,BUY
2023-11-27 14:30:10.707000 (UTC),QQQ,NASDAQ,0.07776549,388.99,usd,30.25,0,BUY
2024-04-08 13:30:05.619000 (UTC),SMH,NASDAQ,0.1329683,224.64,usd,29.87,0,BUY
2024-01-16 14:30:13.259000 (UTC),TM,NYSE,0.07619437,195.29,usd,14.88,0,BUY
2023-11-13 14:30:31.922000 (UTC),AAPL,NASDAQ,0.07556512,185.8,usd,14.04,0,BUY
2023-10-24 13:30:18.816000 (UTC),KO,NYSE,0.31402877,55.6,usd,17.46,0,BUY
2023-11-06 14:30:14.497000 (UTC),NVDA,NASDAQ,0.03944986,452.98,usd,17.87,0,BUY
2024-03-18 00:09:00.041176 (UTC),ANZ,NZX,0.80906149,30.9,nzd,25,0,BUY
2024-04-15 01:14:20.488000 (UTC),BSE,ASX,165.9090909,0.11,aud,18.25,0,BUY
2024-03-18 13:30:01.266000 (UTC),TM,NYSE,0.01532063,238.27,usd,3.65,0,BUY
2024-07-15 13:30:01.683000 (UTC),ASML,NASDAQ,0.03332355,1097.44,usd,36.57,0,BUY
2024-03-18 00:09:43.951134 (UTC),AIR,NZX,41.32231405,0.605,nzd,25,0,BUY
2024-03-11 13:30:07.934000 (UTC),JNJ,NYSE,0.05768387,159.49,usd,9.2,0,BUY
2025-07-02 16:05:05.064000 (UTC),IBIT,NASDAQ,16,62,usd,992,0,SELL
2024-02-18 23:36:33.105000 (UTC),IXJ,ASX,0.33547085,138.79,aud,46.56,0,BUY
2024-02-20 14:30:21.097000 (UTC),NVDA,NASDAQ,0.03804506,719.41,usd,27.37,0,BUY
2024-04-08 13:30:05.392000 (UTC),META,NASDAQ,0.03386243,529.2,usd,17.92,0,BUY
2022-02-22 20:32:43.446000 (UTC),IVW,NYSE,0.45725972,71.81,usd,32.84,0.16418,BUY
2023-11-19 23:29:35.507992 (UTC),ANZ,NZX,0.95129376,26.28,nzd,25,0,BUY
2023-11-26 23:10:08.731667 (UTC),ANZ,NZX,0.93773443,26.66,nzd,25,0,BUY
2024-03-04 23:55:26.737000 (UTC),ILC,ASX,1.5527018,29.98,aud,46.55,0,BUY
2021-04-07 22:03:01 (UTC),ARG,NZX,35.806228,1.445,nzd,51.74,0.26,BUY
2023-11-19 23:28:19.422899 (UTC),STU,NZX,9.34579439,1.07,nzd,10,0,BUY
2024-04-29 03:24:33.772517 (UTC),AIR,NZX,45.45454546,0.55,nzd,25,0,BUY
2023-10-08 23:10:28.252444 (UTC),STU,NZX,8.69565217,1.15,nzd,10,0,BUY
2024-04-08 01:04:33.457967 (UTC),STU,NZX,9.52380952,1.05,nzd,10,0,BUY
2023-10-24 02:24:17.794196 (UTC),AIR,NZX,36.76470588,0.68,nzd,25,0,BUY
2024-06-17 13:30:09.829000 (UTC),SMH,NASDAQ,0.11270363,270.71,usd,30.51,0,BUY
2024-02-04 23:55:39.854000 (UTC),RIO,ASX,0.07134602,129.79,aud,9.26,0,BUY
2025-07-02 13:30:01.196000 (UTC),JNJ,NYSE,0.56155725,155.96,usd,87.58,0,SELL
2024-01-07 23:46:32.805586 (UTC),STU,NZX,9.09090909,1.1,nzd,10,0,BUY
2023-12-10 23:33:07.027056 (UTC),AIR,NZX,37.87878788,0.66,nzd,25,0,BUY
2024-02-12 14:30:00.705000 (UTC),ASML,NASDAQ,0.04877295,939.66,usd,45.83,0,BUY
2023-11-26 23:08:56.047272 (UTC),STU,NZX,9.43396226,1.06,nzd,10,0,BUY
2023-10-16 13:30:01.041000 (UTC),JNJ,NYSE,0.08927893,157.82,usd,14.09,0,BUY
2024-04-15 13:30:02.152000 (UTC),ASML,NASDAQ,0.04506707,985.42,usd,44.41,0,BUY
2024-03-11 00:00:29.452014 (UTC),CEN,NZX,1.22100122,8.19,nzd,10,0,BUY
2023-10-30 13:30:11.433000 (UTC),META,NASDAQ,0.04634056,299.09,usd,13.86,0,BUY
2024-07-31 13:30:01.488000 (UTC),SMH,NASDAQ,0.14526636,242.52,usd,35.23,0,BUY
2023-10-30 13:30:23.117000 (UTC),AAPL,NASDAQ,0.08201183,169,usd,13.86,0,BUY
2024-04-29 13:30:03.306000 (UTC),AAPL,NASDAQ,0.10232451,173.37,usd,17.74,0,BUY
2023-10-15 22:33:54.959258 (UTC),42033,FundNZ,68.7917,1.594,nzd,109.65,0,SELL
2024-04-22 13:30:04.160000 (UTC),MSFT,NASDAQ,0.04397801,400.2,usd,17.6,0,BUY
2024-06-10 02:10:23.660585 (UTC),AIR,NZX,46.72897196,0.535,nzd,25,0,BUY
2023-09-11 00:36:54.411646 (UTC),24112,FundNZ,10.6322,1.035,nzd,11,0,BUY
2024-02-05 14:30:10.876000 (UTC),TM,NYSE,0.01782716,202.5,usd,3.61,0,BUY
2024-04-15 01:16:50.124928 (UTC),ANZ,NZX,0.79390283,31.49,nzd,25,0,BUY
2024-03-05 14:30:01.123000 (UTC),JNJ,NYSE,0.05659319,160.62,usd,9.09,0,BUY
2024-01-08 14:30:15.871000 (UTC),AAPL,NASDAQ,0.08181318,182,usd,14.89,0,BUY
2024-04-15 01:12:50.135214 (UTC),STU,NZX,9.34579439,1.07,nzd,10,0,BUY
2023-10-10 13:30:00.855000 (UTC),TM,NYSE,0.08481586,176.5,usd,14.97,0,BUY
2023-10-01 23:26:32.640695 (UTC),CEN,NZX,1.24069479,8.06,nzd,10,0,BUY
2024-02-11 23:54:12.111222 (UTC),CEN,NZX,1.2345679,8.1,nzd,10,0,BUY
2024-04-08 13:30:01.321000 (UTC),JNJ,NYSE,0.05899561,151.876,usd,8.96,0,BUY
2024-07-15 13:30:11.053000 (UTC),NVDA,NASDAQ,0.32678998,130.56,usd,42.67,0,BUY
2023-12-26 23:00:11.001000 (UTC),ILC,ASX,1.54,29.5,aud,45.43,0,BUY
2024-02-27 14:30:02.024000 (UTC),NVDA,NASDAQ,0.03478206,793.8,usd,27.61,0,BUY
2024-07-31 13:30:06.675000 (UTC),NVDA,NASDAQ,0.3638938,113,usd,41.12,0,BUY
2025-07-01 14:27:08.803000 (UTC),JNJ,NYSE,3,155,usd,465,0,SELL
2024-03-25 18:49:14.219000 (UTC),ASML,NASDAQ,0.45919276,989.48,usd,454.36,1.63876,BUY
2023-10-08 23:18:10.483158 (UTC),CEN,NZX,1.27068714,7.87,nzd,10,0,BUY
2021-05-19 13:30:01.699000 (UTC),IDV,CBOE,0.004547,33.35,usd,0.15,0.00076,BUY
2021-08-23 13:30:00.918000 (UTC),GSBD,NYSE,3,18.95,usd,56.85,0.28425,BUY
2025-03-14 13:30:04.026000 (UTC),NVDA,NASDAQ,0.47848827,118.54,usd,56.72,0,BUY
2021-03-30 21:04:13 (UTC),ARG,NZX,34.790209,1.43,nzd,49.75,0.25,BUY
2023-11-05 23:33:39.590519 (UTC),AIR,NZX,36.76470588,0.68,nzd,25,0,BUY
2023-03-23 19:50:14.530000 (UTC),RWM,NYSE,2,25,usd,50,0.95,BUY
2023-12-03 23:39:31.654000 (UTC),RIO,ASX,0.07257874,127.31,aud,9.24,0,BUY
2025-03-28 13:30:02.116000 (UTC),ASML,NASDAQ,0.08326886,685.13,usd,57.05,0,BUY
2024-02-18 23:37:19.268000 (UTC),BSE,ASX,128.6896552,0.145,aud,18.66,0,BUY
2024-04-08 01:07:05.017000 (UTC),BSE,ASX,161.5111111,0.112,aud,18.09,0,BUY
2024-12-31 14:30:05.579000 (UTC),QQQ,NASDAQ,0.10842021,516.97,usd,56.05,0,BUY
2023-09-19 04:20:26.000258 (UTC),23895,FundNZ,2.96,2.873,nzd,8.5,0,BUY
2023-09-25 13:30:37.931000 (UTC),PLTR,NASDAQ,0.21142856,14,usd,2.96,0,BUY
2024-02-11 23:55:25.708063 (UTC),AIR,NZX,38.75968992,0.645,nzd,25,0,BUY
2023-10-01 23:25:52.365548 (UTC),STU,NZX,8.69565217,1.15,nzd,10,0,BUY
2024-03-18 14:07:16.162000 (UTC),SMH,NASDAQ,0.13700806,222.03,usd,30.42,0,BUY
2024-03-25 13:30:05.081000 (UTC),META,NASDAQ,0.03548827,506,usd,17.96,0,BUY
2024-01-16 14:30:28.910000 (UTC),KO,NYSE,0.30811258,60.4,usd,18.61,0,BUY
2024-01-07 23:45:22.172000 (UTC),ILC,ASX,1.5774744,29.3,aud,46.22,0,BUY
2023-11-19 23:30:33.499642 (UTC),AIR,NZX,37.03703704,0.675,nzd,25,0,BUY
2024-05-13 13:30:02.589000 (UTC),MSFT,NASDAQ,0.04294258,418,usd,17.95,0,BUY
2021-04-14 22:40:01 (UTC),ARG,NZX,18.277591,1.495,nzd,27.32,0.13731,BUY
2024-06-17 02:19:13.124752 (UTC),AIR,NZX,46.72897196,0.535,nzd,25,0,BUY
2024-08-07 13:30:01.391000 (UTC),ASX,NYSE,1.9423913,9.2,usd,17.87,0,BUY
2022-07-13 13:30:09.088000 (UTC),GSBD,NYSE,8.44775515,16.49,usd,139.3,0.69652,BUY
2023-11-12 23:25:30.065000 (UTC),BSE,ASX,147.28,0.125,aud,18.41,0,BUY
2024-04-22 13:30:03.645000 (UTC),KO,NYSE,0.05830564,60.2,usd,3.51,0,BUY
2023-09-19 13:32:57.674000 (UTC),TM,NYSE,0.07544363,194.98,usd,14.71,0,BUY
2024-03-11 13:30:01.669000 (UTC),AAPL,NASDAQ,0.10641618,173,usd,18.41,0,BUY
2024-04-22 13:30:10.836000 (UTC),JNJ,NYSE,0.05925527,148.51,usd,8.8,0,BUY
2022-01-25 14:30:36.303000 (UTC),IVW,NYSE,0.56030791,72.81,usd,40.8,0.20398,BUY
2024-05-13 13:30:04.050000 (UTC),ASX,NYSE,1.04563106,10.3,usd,10.77,0,BUY
2023-11-05 23:32:33.860553 (UTC),ANZ,NZX,0.8938148,27.97,nzd,25,0,BUY
2024-05-13 13:30:04.609000 (UTC),AAPL,NASDAQ,0.09686994,185.3,usd,17.95,0,BUY
2023-09-24 22:41:03.777839 (UTC),42033,FundNZ,13.8356,1.59,nzd,22,0,BUY
2024-03-18 00:04:37.050517 (UTC),STU,NZX,9.61538462,1.04,nzd,10,0,BUY
2021-01-28 14:33:24.750000 (UTC),IVW,NYSE,0.55269248,64.81,usd,35.82,0.18,BUY
2024-01-07 23:47:23.654025 (UTC),AIR,NZX,38.75968992,0.645,nzd,25,0,BUY
2023-08-28 13:30:01.598000 (UTC),AAPL,NASDAQ,0.32711808,180,usd,58.88,1.11874,BUY
2023-11-20 14:30:13.307000 (UTC),PLTR,NASDAQ,0.28813558,20.65,usd,5.95,0,BUY
2023-12-11 14:30:01.015000 (UTC),TM,NYSE,0.0782078,186.81,usd,14.61,0,BUY
2024-06-10 13:30:04.446000 (UTC),SMH,NASDAQ,0.12082835,251.1,usd,30.34,0,BUY
2023-10-24 02:23:20.153952 (UTC),CEN,NZX,1.27388535,7.85,nzd,10,0,BUY
2024-05-20 13:30:00.969000 (UTC),ASX,NYSE,1.04523238,10.56,usd,11.04,0,BUY
2024-09-27 13:30:06.968000 (UTC),SMH,NASDAQ,1.24257386,253.16,usd,314.57,0,BUY
2023-10-10 13:30:00.928000 (UTC),JNJ,NYSE,0.0945195,158.38,usd,14.97,0,BUY
2024-03-18 13:30:04.455000 (UTC),NVDA,NASDAQ,0.03029551,903.71,usd,27.38,0,BUY
2024-05-13 13:30:04.325000 (UTC),INTC,NASDAQ,0.89766667,30,usd,26.93,0,BUY
2024-04-15 13:30:05.324000 (UTC),SMH,NASDAQ,0.13215641,223.75,usd,29.57,0,BUY
2024-07-31 13:30:04.730000 (UTC),QQQ,NASDAQ,0.06270824,468.2,usd,29.36,0,BUY
2024-04-15 01:14:40.338000 (UTC),ILC,ASX,1.53136531,29.81,aud,45.65,0,BUY
2023-12-26 14:30:00.857000 (UTC),SMH,NASDAQ,0.17901945,173.78,usd,31.11,0,BUY
2024-06-17 13:30:05.752000 (UTC),AAPL,NASDAQ,0.08581074,213.26,usd,18.3,0,BUY
2024-02-27 14:30:01.024000 (UTC),SMH,NASDAQ,0.14527202,211.19,usd,30.68,0,BUY
2023-11-26 23:12:03.582376 (UTC),CEN,NZX,1.30378096,7.67,nzd,10,0,BUY
2023-12-26 14:30:31.861000 (UTC),META,NASDAQ,0.04206818,354.9,usd,14.93,0,BUY
2022-03-03 04:48:08.325000 (UTC),RIO,ASX,0.36567494,127.89,aud,46.77,0.23383,BUY
2024-01-16 14:30:37.993000 (UTC),SMH,NASDAQ,0.17894858,173.29,usd,31.01,0,BUY
2024-03-25 13:30:03.309000 (UTC),ASML,NASDAQ,0.04584955,979.13,usd,44.89,0,BUY
2023-10-09 13:30:22.763000 (UTC),PLTR,NASDAQ,0.18212188,16.253,usd,2.96,0,BUY
2023-11-27 14:30:00.941000 (UTC),TM,NYSE,0.07796883,186.1,usd,14.51,0,BUY
2024-01-02 14:30:02.510000 (UTC),SMH,NASDAQ,0.18163336,172.16,usd,31.27,0,BUY
2024-02-18 23:38:48.919353 (UTC),CEN,NZX,1.2300123,8.13,nzd,10,0,BUY
2024-04-08 13:30:05.391000 (UTC),NVDA,NASDAQ,0.03031156,886.79,usd,26.88,0,BUY
2024-07-29 13:30:13.609000 (UTC),AAPL,NASDAQ,0.04341839,217.22,usd,9.43,0,BUY
2024-03-11 23:16:12.599000 (UTC),IXJ,ASX,0.33307013,139.31,aud,46.4,0,BUY
2023-12-11 14:30:01.956000 (UTC),SMH,NASDAQ,0.18614321,163.53,usd,30.44,0,BUY
2024-01-16 14:30:01.743000 (UTC),IXUS,NASDAQ,0.48903957,63.41,usd,31.01,0,BUY
2024-04-29 03:22:54.851000 (UTC),BSE,ASX,74.51546392,0.242,aud,18.03,0,BUY
2024-03-04 00:07:29.826000 (UTC),BSE,ASX,161.7391304,0.115,aud,18.6,0,BUY
2023-09-24 22:41:03.777839 (UTC),24112,FundNZ,10.9181,1.008,nzd,11.01,0,BUY
2023-11-20 14:30:13.891000 (UTC),META,NASDAQ,0.04268856,334.75,usd,14.29,0,BUY
2024-06-17 13:30:00.917000 (UTC),ASX,NYSE,0.9614711,11.42,usd,10.98,0,BUY
2024-01-19 18:53:46.114000 (UTC),IVW,NYSE,3,77.33,usd,231.99,0,SELL
2025-05-27 13:30:00.053000 (UTC),UUUU,NYSE,0.84529362,5.6,usd,4.73,0.08819,SELL
2024-01-16 14:30:22.349000 (UTC),QQQ,NASDAQ,0.07593975,408.35,usd,31.01,0,BUY
2024-05-28 13:30:06.874000 (UTC),QQQ,NASDAQ,0.06633553,459.03,usd,30.45,0,BUY
2023-09-19 13:30:14.375000 (UTC),AAPL,NASDAQ,0.08289191,177.46,usd,14.71,0,BUY
2024-03-24 23:50:21.846000 (UTC),BSE,ASX,152.4166667,0.12,aud,18.29,0,BUY
2024-05-20 13:30:02.050000 (UTC),ASML,NASDAQ,0.04967727,925.78,usd,45.99,0,BUY
2025-02-11 14:30:00.635000 (UTC),IXUS,NASDAQ,0.80953757,69.2,usd,56.02,0,BUY
2023-12-26 20:59:54.000382 (UTC),CEN,NZX,1.25786163,7.95,nzd,10,0,BUY
2023-11-26 23:08:45.396000 (UTC),RIO,ASX,0.07235285,126.74,aud,9.17,0,BUY
2023-12-04 14:30:11.507000 (UTC),PLTR,NASDAQ,0.31208902,19.77,usd,6.17,0,BUY
2023-10-03 13:34:26.002000 (UTC),TM,NYSE,0.08542713,173.13,usd,14.79,0,BUY
2024-02-25 23:50:37.392228 (UTC),CEN,NZX,1.2437811,8.04,nzd,10,0,BUY
2023-10-29 23:21:56.389236 (UTC),AIR,NZX,38.16793893,0.655,nzd,25,0,BUY
2023-11-13 00:10:39.817978 (UTC),STU,NZX,9.25925926,1.08,nzd,10,0,BUY
2024-02-20 14:30:01.261000 (UTC),JNJ,NYSE,0.05815955,156.81,usd,9.12,0,BUY
2025-03-28 13:30:07.176000 (UTC),NVDA,NASDAQ,0.51198062,111.43,usd,57.05,0,BUY
2024-03-25 13:30:03.866000 (UTC),QQQ,NASDAQ,0.0674991,443.42,usd,29.93,0,BUY
2023-08-28 13:30:01.598000 (UTC),AAPL,NASDAQ,0.2725984,180,usd,49.07,0.93229,BUY
2023-12-26 23:00:01 (UTC),BSE,ASX,139.6923077,0.13,aud,18.16,0,BUY
2024-01-01 22:59:51.001000 (UTC),IXJ,ASX,0.36023715,126.5,aud,45.57,0,BUY
2024-04-15 13:30:01.953000 (UTC),TM,NYSE,0.01440722,245.71,usd,3.54,0,BUY
2024-02-20 14:30:06.215000 (UTC),ASX,NYSE,1.14554973,9.55,usd,10.94,0,BUY
2024-02-27 14:30:00.428000 (UTC),IXUS,NASDAQ,0.46505987,65.97,usd,30.68,0,BUY
2023-12-04 14:30:13.701000 (UTC),NVDA,NASDAQ,0.04019282,460.53,usd,18.51,0,BUY
2024-03-18 13:30:02.676000 (UTC),KO,NYSE,0.0609322,59.91,usd,3.65,0,BUY
2024-01-16 14:30:27.743000 (UTC),MSFT,NASDAQ,0.05358504,393.58,usd,21.09,0,BUY
2024-04-15 13:30:27.190000 (UTC),JNJ,NYSE,0.05978297,148.37,usd,8.87,0,BUY
2025-03-28 13:30:05.923000 (UTC),QQQ,NASDAQ,0.11893841,479.66,usd,57.05,0,BUY
2023-10-08 22:33:50.221775 (UTC),23773,FundNZ,3.1304,2.715,nzd,8.5,0,BUY
2023-10-10 13:30:08.307000 (UTC),AAPL,NASDAQ,0.0840303,178.15,usd,14.97,0,BUY
2024-03-24 23:52:12.962211 (UTC),CEN,NZX,1.20048019,8.33,nzd,10,0,BUY
2024-03-25 13:30:04.766000 (UTC),MSFT,NASDAQ,0.042239,425.13,usd,17.96,0,BUY
2024-06-17 02:15:33.496025 (UTC),ANZ,NZX,0.80489375,31.06,nzd,25,0,BUY
2024-01-29 14:30:20.066000 (UTC),KO,NYSE,0.30803827,59.3,usd,18.27,0,BUY
2024-05-20 01:44:12.676223 (UTC),CEN,NZX,1.13250283,8.83,nzd,10,0,BUY
2024-02-12 14:30:03.134000 (UTC),MSFT,NASDAQ,0.04358059,420.6,usd,18.33,0,BUY
2024-07-15 01:56:29.362000 (UTC),IXJ,ASX,0.04819969,139.42,aud,6.72,0,BUY
2025-07-03 13:30:00.955000 (UTC),IBIT,NASDAQ,0.48925115,62.24,usd,30.45,0,SELL
2023-09-19 13:30:09.606000 (UTC),META,NASDAQ,0.04873049,302.48,usd,14.74,0,BUY
2024-02-12 14:30:25.079000 (UTC),QQQ,NASDAQ,0.06992606,436.89,usd,30.55,0,BUY
2024-05-20 13:30:04.449000 (UTC),SMH,NASDAQ,0.13228495,231.47,usd,30.62,0,BUY
2024-07-31 01:11:48.101000 (UTC),ILC,ASX,1.1516998,31.18,aud,35.91,0,BUY
2023-12-03 23:40:01.288724 (UTC),STU,NZX,9.52380952,1.05,nzd,10,0,BUY
2024-01-07 23:44:52.333000 (UTC),IXJ,ASX,0.35366133,130.69,aud,46.22,0,BUY
2024-02-25 23:47:03.383872 (UTC),STU,NZX,8.84955752,1.13,nzd,10,0,BUY
2024-02-05 14:30:22.136000 (UTC),META,NASDAQ,0.03848936,470,usd,18.09,0,BUY
2024-05-13 02:37:24.182072 (UTC),ANZ,NZX,0.80827675,30.93,nzd,25,0,BUY
2023-11-12 23:24:17.715000 (UTC),RIO,ASX,0.07581376,121.35,aud,9.2,0,BUY
2024-06-17 02:14:43.519000 (UTC),BSE,ASX,69.62264151,0.265,aud,18.45,0,BUY
2024-07-08 01:42:28.782000 (UTC),ILC,ASX,0.89283366,30.42,aud,27.16,0,BUY
2024-03-25 13:30:04.424000 (UTC),KO,NYSE,0.0593524,60.51,usd,3.59,0,BUY
2023-11-06 14:30:19.139000 (UTC),AAPL,NASDAQ,0.08106575,176.4,usd,14.3,0,BUY
2023-10-24 13:30:10.163000 (UTC),JNJ,NYSE,0.09251655,151,usd,13.97,0,BUY
2024-02-18 23:40:11.646480 (UTC),AIR,NZX,39.37007874,0.635,nzd,25,0,BUY
2023-11-27 14:30:36.716000 (UTC),MSFT,NASDAQ,0.05454015,376.97,usd,20.56,0,BUY
2024-05-20 01:40:20.418441 (UTC),STU,NZX,10,1,nzd,10,0,BUY
2023-10-29 23:20:29.188000 (UTC),IXJ,ASX,0.37039746,123.03,aud,45.57,0,BUY
2024-01-16 14:30:34.229000 (UTC),PLTR,NASDAQ,0.37484884,16.54,usd,6.2,0,BUY
2024-03-12 13:30:03.613000 (UTC),SMH,NASDAQ,0.13671788,224.55,usd,30.7,0,BUY
2022-11-17 14:30:17.931000 (UTC),PLTR,NASDAQ,3.43112025,7.83,usd,26.87,0.13433,BUY
2024-02-05 14:30:25.734000 (UTC),INTC,NASDAQ,0.63604406,42.67,usd,27.14,0,BUY
2024-04-08 13:30:04.721000 (UTC),MSFT,NASDAQ,0.0421647,425,usd,17.92,0,BUY
2024-01-02 14:30:27.158000 (UTC),JNJ,NYSE,0.09552029,156.93,usd,14.99,0,BUY
2024-07-08 13:30:03.084000 (UTC),ASX,NYSE,1.04448246,11.69,usd,12.21,0,BUY
2023-12-26 14:30:18.711000 (UTC),PLTR,NASDAQ,0.35624284,17.46,usd,6.22,0,BUY
2024-01-08 14:30:30.425000 (UTC),QQQ,NASDAQ,0.07795503,398.05,usd,31.03,0,BUY
2024-05-28 13:30:00.825000 (UTC),AAPL,NASDAQ,0.0954346,191.44,usd,18.27,0,BUY
2021-05-19 13:30:35.765000 (UTC),GSBD,NYSE,0.996021,19.49,usd,19.41,0.09755,BUY
2023-09-14 04:59:41.000145 (UTC),STU,NZX,29,1.14,nzd,33.06,0.62814,BUY
2024-03-18 00:06:36.417000 (UTC),IXJ,ASX,0.33079957,139.45,aud,46.13,0,BUY
2022-04-11 01:43:01.753000 (UTC),RIO,ASX,1,118,aud,118,0.59,BUY
2023-10-16 13:30:26.393000 (UTC),NVDA,NASDAQ,0.03909077,450.49,usd,17.61,0,BUY
2024-04-29 13:30:00.613000 (UTC),META,NASDAQ,0.04035854,439.56,usd,17.74,0,BUY
2024-05-27 02:06:18.314612 (UTC),AIR,NZX,47.16981132,0.53,nzd,25,0,BUY
2024-08-07 18:16:27.678000 (UTC),NVDA,NASDAQ,5,99.9,usd,499.5,3.8662,BUY
2024-06-10 13:30:01.489000 (UTC),IXUS,NASDAQ,0.44150174,68.72,usd,30.34,0,BUY
2023-10-03 13:30:11.656000 (UTC),META,NASDAQ,0.04865131,304,usd,14.79,0,BUY
2023-11-27 14:30:19.663000 (UTC),IXUS,NASDAQ,0.48376779,62.53,usd,30.25,0,BUY
2021-02-21 22:17:36 (UTC),CEN,NZX,1.66993,7.15,nzd,11.94,0.06,BUY
2024-02-05 14:30:07.912000 (UTC),KO,NYSE,0.059788,60.38,usd,3.61,0,BUY
2023-11-13 14:30:28.497000 (UTC),QQQ,NASDAQ,0.07761708,376.85,usd,29.25,0,BUY
2023-11-19 23:27:43.339000 (UTC),RIO,ASX,0.07306338,124.96,aud,9.13,0,BUY
2024-03-25 13:30:05.136000 (UTC),TM,NYSE,0.01424542,252.11,usd,3.59,0,BUY
